smiles_monomer,pm,polymer_name,Tg,Tm,Tm_units,Tg_units,monomers,distribution,replicate_structure,smiles_polymer,mechanism
C=C(C(=O)O)[C@@H](C)O.C=C(C(=O)O)[C@H](C)O,0.71,poly(3-hydroxy-2-methylenebutanoic acid),,80.5,C,C,"('C=C(C(=O)O)[C@@H](C)O', 'C=C(C(=O)O)[C@H](C)O')",[],0,C=C(C(=O)O[C@@H](C)C(=C)C(=O)O[C@@H](C)C(=C)C(=O)O[C@H](C)C(=C)C(=O)O[C@H](C)C(=C)C(=O)O[C@@H](C)C(=C)C(=O)O[C@@H](C)C(=C)C(=O)O[C@@H](C)C(=C)C(=O)O[C@@H](C)C(=C)C(=O)O[C@@H](C)C(=C)C(=O)O)[C@H](C)O,ester
C[C@@H](O)CC(=O)O.C[C@H](O)CC(=O)O,0.96,poly(RS-3-hydroxybutyrate),6.0,154.5,C,C,"('C[C@@H](O)CC(=O)O', 'C[C@H](O)CC(=O)O')",[],0,C[C@@H](O)CC(=O)O[C@H](C)CC(=O)O[C@H](C)CC(=O)O[C@H](C)CC(=O)O[C@H](C)CC(=O)O[C@H](C)CC(=O)O[C@H](C)CC(=O)O[C@H](C)CC(=O)O[C@H](C)CC(=O)O[C@H](C)CC(=O)O,ester
C[C@@H](O)CC(=O)O.C[C@H](O)CC(=O)O,0.95,poly(RS-3-hydroxybutyrate),4.0,147.0,C,C,"('C[C@@H](O)CC(=O)O', 'C[C@H](O)CC(=O)O')",[],0,C[C@@H](O)CC(=O)O[C@H](C)CC(=O)O[C@H](C)CC(=O)O[C@H](C)CC(=O)O[C@H](C)CC(=O)O[C@H](C)CC(=O)O[C@H](C)CC(=O)O[C@H](C)CC(=O)O[C@H](C)CC(=O)O[C@H](C)CC(=O)O,ester
C[C@@H](O)CC(=O)O.C[C@H](O)CC(=O)O,0.94,poly(RS-3-hydroxybutyrate),4.0,136.0,C,C,"('C[C@@H](O)CC(=O)O', 'C[C@H](O)CC(=O)O')",[],0,C[C@@H](O)CC(=O)O[C@H](C)CC(=O)O[C@H](C)CC(=O)O[C@H](C)CC(=O)O[C@H](C)CC(=O)O[C@H](C)CC(=O)O[C@H](C)CC(=O)O[C@H](C)CC(=O)O[C@H](C)CC(=O)O[C@H](C)CC(=O)O,ester
C[C@@H](O)CC(=O)O.C[C@H](O)CC(=O)O,0.93,poly(RS-3-hydroxybutyrate),2.6666666666666665,139.5,C,C,"('C[C@@H](O)CC(=O)O', 'C[C@H](O)CC(=O)O')",[],0,C[C@H](O)CC(=O)O[C@@H](C)CC(=O)O[C@@H](C)CC(=O)O[C@@H](C)CC(=O)O[C@@H](C)CC(=O)O[C@@H](C)CC(=O)O[C@@H](C)CC(=O)O[C@@H](C)CC(=O)O[C@@H](C)CC(=O)O[C@@H](C)CC(=O)O,ester
O=C(O)C[C@@H](O)c1ccccc1.O=C(O)C[C@H](O)c1ccccc1,0.041,poly(3-hydroxy-4-phenylbutyrate),41.0,,C,C,"('O=C(O)C[C@@H](O)c1ccccc1', 'O=C(O)C[C@H](O)c1ccccc1')",[],0,O=C(O)C[C@@H](OC(=O)C[C@H](OC(=O)C[C@@H](OC(=O)C[C@H](OC(=O)C[C@@H](OC(=O)C[C@H](OC(=O)C[C@H](OC(=O)C[C@@H](OC(=O)C[C@H](OC(=O)C[C@@H](O)c1ccccc1)c1ccccc1)c1ccccc1)c1ccccc1)c1ccccc1)c1ccccc1)c1ccccc1)c1ccccc1)c1ccccc1)c1ccccc1,ester
C[C@@H](O)CC(=O)O.C[C@H](O)CC(=O)O,0.91,poly(RS-3-hydroxybutyrate),-1.0,128.0,C,C,"('C[C@@H](O)CC(=O)O', 'C[C@H](O)CC(=O)O')",[],0,C[C@@H](O)CC(=O)O[C@H](C)CC(=O)O[C@H](C)CC(=O)O[C@H](C)CC(=O)O[C@H](C)CC(=O)O[C@H](C)CC(=O)O[C@H](C)CC(=O)O[C@H](C)CC(=O)O[C@H](C)CC(=O)O[C@H](C)CC(=O)O,ester
O=C(O)C[C@@H](O)c1ccccc1.O=C(O)C[C@H](O)c1ccccc1,0.057,poly(3-hydroxy-4-phenylbutyrate),42.0,,C,C,"('O=C(O)C[C@@H](O)c1ccccc1', 'O=C(O)C[C@H](O)c1ccccc1')",[],0,O=C(O)C[C@H](OC(=O)C[C@@H](OC(=O)C[C@@H](OC(=O)C[C@H](OC(=O)C[C@@H](OC(=O)C[C@H](OC(=O)C[C@@H](OC(=O)C[C@H](OC(=O)C[C@@H](OC(=O)C[C@H](O)c1ccccc1)c1ccccc1)c1ccccc1)c1ccccc1)c1ccccc1)c1ccccc1)c1ccccc1)c1ccccc1)c1ccccc1)c1ccccc1,ester
C[C@@H](O)CC(=O)O.C[C@H](O)CC(=O)O,0.89,poly(RS-3-hydroxybutyrate),3.0,122.0,C,C,"('C[C@@H](O)CC(=O)O', 'C[C@H](O)CC(=O)O')",[],0,C[C@@H](O)CC(=O)O[C@H](C)CC(=O)O[C@H](C)CC(=O)O[C@H](C)CC(=O)O[C@H](C)CC(=O)O[C@H](C)CC(=O)O[C@H](C)CC(=O)O[C@H](C)CC(=O)O[C@H](C)CC(=O)O[C@H](C)CC(=O)O,ester
C[C@@H](O)CC(=O)O.C[C@H](O)CC(=O)O,0.88,poly(RS-3-hydroxybutyrate),3.0,121.0,C,C,"('C[C@@H](O)CC(=O)O', 'C[C@H](O)CC(=O)O')",[],0,C[C@@H](CC(=O)O)OC(=O)C[C@H](C)OC(=O)C[C@H](C)OC(=O)C[C@H](C)OC(=O)C[C@H](C)OC(=O)C[C@H](C)OC(=O)C[C@H](C)OC(=O)C[C@H](C)OC(=O)C[C@@H](C)OC(=O)C[C@@H](C)O,ester
C[C@@H](O)CC(=O)O.C[C@H](O)CC(=O)O,0.74,poly(RS-3-hydroxybutyrate),-15.0,,C,C,"('C[C@@H](O)CC(=O)O', 'C[C@H](O)CC(=O)O')",[],0,C[C@@H](CC(=O)O[C@H](C)CC(=O)O[C@H](C)CC(=O)O[C@H](C)CC(=O)O[C@H](C)CC(=O)O[C@H](C)CC(=O)O[C@H](C)CC(=O)O[C@H](C)CC(=O)O)OC(=O)C[C@@H](C)OC(=O)C[C@@H](C)O,ester
O=C(O)C[C@@H](O)c1ccccc1.O=C(O)C[C@H](O)c1ccccc1,0.089,poly(3-hydroxy-4-phenylbutyrate),40.0,,C,C,"('O=C(O)C[C@@H](O)c1ccccc1', 'O=C(O)C[C@H](O)c1ccccc1')",[],0,O=C(O)C[C@@H](OC(=O)C[C@H](OC(=O)C[C@@H](OC(=O)C[C@H](OC(=O)C[C@H](OC(=O)C[C@@H](OC(=O)C[C@H](OC(=O)C[C@@H](OC(=O)C[C@H](OC(=O)C[C@@H](O)c1ccccc1)c1ccccc1)c1ccccc1)c1ccccc1)c1ccccc1)c1ccccc1)c1ccccc1)c1ccccc1)c1ccccc1)c1ccccc1,ester
C[C@@H](O)CC(=O)O.C[C@H](O)CC(=O)O,0.7,poly(RS-3-hydroxybutyrate),-10.0,,C,C,"('C[C@@H](O)CC(=O)O', 'C[C@H](O)CC(=O)O')",[],0,C[C@@H](CC(=O)O[C@@H](C)CC(=O)O[C@H](C)CC(=O)O[C@H](C)CC(=O)O[C@H](C)CC(=O)O[C@H](C)CC(=O)O[C@H](C)CC(=O)O)OC(=O)C[C@H](C)OC(=O)C[C@@H](C)OC(=O)C[C@@H](C)O,ester
O=C(O)C[C@@H](O)c1ccccc1.O=C(O)C[C@H](O)c1ccccc1,0.111,poly(3-hydroxy-4-phenylbutyrate),36.0,,C,C,"('O=C(O)C[C@@H](O)c1ccccc1', 'O=C(O)C[C@H](O)c1ccccc1')",[],0,O=C(O)C[C@H](OC(=O)C[C@@H](OC(=O)C[C@H](OC(=O)C[C@@H](OC(=O)C[C@H](OC(=O)C[C@@H](OC(=O)C[C@H](OC(=O)C[C@@H](OC(=O)C[C@@H](OC(=O)C[C@H](O)c1ccccc1)c1ccccc1)c1ccccc1)c1ccccc1)c1ccccc1)c1ccccc1)c1ccccc1)c1ccccc1)c1ccccc1)c1ccccc1,ester
C[C@@H](O)C(=O)O.C[C@H](O)C(=O)O,1.0,poly(lactic acid),58.333333333333336,174.6,C,C,"('C[C@@H](O)C(=O)O', 'C[C@H](O)C(=O)O')",[],0,C[C@H](O)C(=O)O[C@@H](C)C(=O)O[C@@H](C)C(=O)O[C@@H](C)C(=O)O[C@@H](C)C(=O)O[C@@H](C)C(=O)O[C@@H](C)C(=O)O[C@@H](C)C(=O)O[C@@H](C)C(=O)O[C@@H](C)C(=O)O,ester
C[C@@H](O)C(=O)O.C[C@H](O)C(=O)O,0.98,poly(lactic acid),,208.0,C,C,"('C[C@@H](O)C(=O)O', 'C[C@H](O)C(=O)O')",[],0,C[C@H](O)C(=O)O[C@@H](C)C(=O)O[C@@H](C)C(=O)O[C@@H](C)C(=O)O[C@@H](C)C(=O)O[C@@H](C)C(=O)O[C@@H](C)C(=O)O[C@@H](C)C(=O)O[C@@H](C)C(=O)O[C@@H](C)C(=O)O,ester
C[C@@H](O)C(=O)O.C[C@H](O)C(=O)O,0.97,poly(lactic acid),,207.33333333333331,C,C,"('C[C@@H](O)C(=O)O', 'C[C@H](O)C(=O)O')",[],0,C[C@@H](O)C(=O)O[C@H](C)C(=O)O[C@H](C)C(=O)O[C@H](C)C(=O)O[C@H](C)C(=O)O[C@H](C)C(=O)O[C@H](C)C(=O)O[C@H](C)C(=O)O[C@H](C)C(=O)O[C@H](C)C(=O)O,ester
O=C(O)C[C@@H](O)c1ccccc1.O=C(O)C[C@H](O)c1ccccc1,0.123,poly(3-hydroxy-4-phenylbutyrate),42.333333333333336,,C,C,"('O=C(O)C[C@@H](O)c1ccccc1', 'O=C(O)C[C@H](O)c1ccccc1')",[],0,O=C(O)C[C@H](OC(=O)C[C@H](OC(=O)C[C@@H](OC(=O)C[C@H](OC(=O)C[C@@H](OC(=O)C[C@@H](OC(=O)C[C@H](OC(=O)C[C@@H](OC(=O)C[C@H](OC(=O)C[C@@H](O)c1ccccc1)c1ccccc1)c1ccccc1)c1ccccc1)c1ccccc1)c1ccccc1)c1ccccc1)c1ccccc1)c1ccccc1)c1ccccc1,ester
C[C@@H](O)C(=O)O.C[C@H](O)C(=O)O,0.95,poly(lactic acid),,200.0,C,C,"('C[C@@H](O)C(=O)O', 'C[C@H](O)C(=O)O')",[],0,C[C@H](O)C(=O)O[C@@H](C)C(=O)O[C@@H](C)C(=O)O[C@@H](C)C(=O)O[C@@H](C)C(=O)O[C@@H](C)C(=O)O[C@@H](C)C(=O)O[C@@H](C)C(=O)O[C@@H](C)C(=O)O[C@@H](C)C(=O)O,ester
O=C(O)C[C@@H](O)c1ccccc1.O=C(O)C[C@H](O)c1ccccc1,0.2,poly(3-hydroxy-4-phenylbutyrate),42.0,,C,C,"('O=C(O)C[C@@H](O)c1ccccc1', 'O=C(O)C[C@H](O)c1ccccc1')",[],0,O=C(O)C[C@H](OC(=O)C[C@@H](OC(=O)C[C@H](OC(=O)C[C@@H](OC(=O)C[C@H](OC(=O)C[C@@H](OC(=O)C[C@@H](OC(=O)C[C@@H](OC(=O)C[C@H](OC(=O)C[C@@H](O)c1ccccc1)c1ccccc1)c1ccccc1)c1ccccc1)c1ccccc1)c1ccccc1)c1ccccc1)c1ccccc1)c1ccccc1)c1ccccc1,ester
C[C@@H](O)C(=O)O.C[C@H](O)C(=O)O,0.93,poly(lactic acid),,185.0,C,C,"('C[C@@H](O)C(=O)O', 'C[C@H](O)C(=O)O')",[],0,C[C@@H](O)C(=O)O[C@H](C)C(=O)O[C@H](C)C(=O)O[C@H](C)C(=O)O[C@H](C)C(=O)O[C@H](C)C(=O)O[C@H](C)C(=O)O[C@H](C)C(=O)O[C@H](C)C(=O)O[C@H](C)C(=O)O,ester
C[C@@H](O)C(=O)O.C[C@H](O)C(=O)O,0.92,poly(lactic acid),,191.28571428571428,C,C,"('C[C@@H](O)C(=O)O', 'C[C@H](O)C(=O)O')",[],0,C[C@@H](O)C(=O)O[C@H](C)C(=O)O[C@H](C)C(=O)O[C@H](C)C(=O)O[C@H](C)C(=O)O[C@H](C)C(=O)O[C@H](C)C(=O)O[C@H](C)C(=O)O[C@H](C)C(=O)O[C@H](C)C(=O)O,ester
C[C@@H](O)C(=O)O.C[C@H](O)C(=O)O,0.91,poly(lactic acid),,188.0,C,C,"('C[C@@H](O)C(=O)O', 'C[C@H](O)C(=O)O')",[],0,C[C@@H](O)C(=O)O[C@H](C)C(=O)O[C@H](C)C(=O)O[C@H](C)C(=O)O[C@H](C)C(=O)O[C@H](C)C(=O)O[C@H](C)C(=O)O[C@H](C)C(=O)O[C@H](C)C(=O)O[C@H](C)C(=O)O,ester
O=C(O)C[C@@H](O)COc1ccccc1.O=C(O)C[C@H](O)COc1ccccc1,0.17,poly(3-Hydroxy-4-phenoxybutanoic acid),40.0,,C,C,"('O=C(O)C[C@@H](O)COc1ccccc1', 'O=C(O)C[C@H](O)COc1ccccc1')",[],0,O=C(O)C[C@H](COc1ccccc1)OC(=O)C[C@@H](COc1ccccc1)OC(=O)C[C@H](COc1ccccc1)OC(=O)C[C@@H](COc1ccccc1)OC(=O)C[C@H](COc1ccccc1)OC(=O)C[C@@H](COc1ccccc1)OC(=O)C[C@@H](COc1ccccc1)OC(=O)C[C@@H](COc1ccccc1)OC(=O)C[C@H](COc1ccccc1)OC(=O)C[C@H](O)COc1ccccc1,ester
C[C@@H](O)C(=O)O.C[C@H](O)C(=O)O,0.9,poly(lactic acid),,190.66666666666663,C,C,"('C[C@@H](O)C(=O)O', 'C[C@H](O)C(=O)O')",[],0,C[C@H](O)C(=O)O[C@@H](C)C(=O)O[C@@H](C)C(=O)O[C@@H](C)C(=O)O[C@@H](C)C(=O)O[C@@H](C)C(=O)O[C@@H](C)C(=O)O[C@@H](C)C(=O)O[C@@H](C)C(=O)O[C@@H](C)C(=O)O,ester
O=C(O)[C@@H](O)COCc1ccccc1.O=C(O)[C@H](O)COCc1ccccc1,1.0,poly(3-(Benzyloxy)-2-hydroxypropanoic acid),8.0,,C,C,"('O=C(O)[C@@H](O)COCc1ccccc1', 'O=C(O)[C@H](O)COCc1ccccc1')",[],0,O=C(O[C@@H](COCc1ccccc1)C(=O)O[C@@H](COCc1ccccc1)C(=O)O[C@@H](COCc1ccccc1)C(=O)O[C@@H](COCc1ccccc1)C(=O)O[C@@H](COCc1ccccc1)C(=O)O[C@@H](COCc1ccccc1)C(=O)O[C@@H](COCc1ccccc1)C(=O)O[C@@H](COCc1ccccc1)C(=O)O[C@@H](COCc1ccccc1)C(=O)O)[C@@H](O)COCc1ccccc1,ester
C[C@@H](O)C(=O)O.C[C@H](O)C(=O)O,0.88,poly(lactic acid),,178.33333333333334,C,C,"('C[C@@H](O)C(=O)O', 'C[C@H](O)C(=O)O')",[],0,C[C@H](O)C(=O)O[C@@H](C)C(=O)O[C@@H](C)C(=O)O[C@H](C)C(=O)O[C@H](C)C(=O)O[C@H](C)C(=O)O[C@H](C)C(=O)O[C@H](C)C(=O)O[C@H](C)C(=O)O[C@H](C)C(=O)O,ester
C[C@@H](O)C(=O)O.C[C@H](O)C(=O)O,0.87,poly(lactic acid),,168.0,C,C,"('C[C@@H](O)C(=O)O', 'C[C@H](O)C(=O)O')",[],0,C[C@H](OC(=O)[C@H](C)OC(=O)[C@H](C)OC(=O)[C@H](C)OC(=O)[C@H](C)OC(=O)[C@H](C)OC(=O)[C@H](C)OC(=O)[C@@H](C)OC(=O)[C@@H](C)OC(=O)[C@@H](C)O)C(=O)O,ester
C[C@@H](O)C(=O)O.C[C@H](O)C(=O)O,0.86,poly(lactic acid),,185.0,C,C,"('C[C@@H](O)C(=O)O', 'C[C@H](O)C(=O)O')",[],0,C[C@H](O)C(=O)O[C@H](C)C(=O)O[C@H](C)C(=O)O[C@H](C)C(=O)O[C@H](C)C(=O)O[C@H](C)C(=O)O[C@H](C)C(=O)O[C@H](C)C(=O)O[C@H](C)C(=O)O[C@H](C)C(=O)O,ester
O=C(O)[C@@H](O)Cc1ccccc1.O=C(O)[C@H](O)Cc1ccccc1,0.11,poly(2-Hydroxy-3-phenylpropionic acid),61.0,,C,C,"('O=C(O)[C@@H](O)Cc1ccccc1', 'O=C(O)[C@H](O)Cc1ccccc1')",[],0,O=C(O[C@@H](Cc1ccccc1)C(=O)O[C@H](Cc1ccccc1)C(=O)O[C@@H](Cc1ccccc1)C(=O)O[C@@H](Cc1ccccc1)C(=O)O[C@H](Cc1ccccc1)C(=O)O[C@@H](Cc1ccccc1)C(=O)O[C@H](Cc1ccccc1)C(=O)O[C@@H](Cc1ccccc1)C(=O)O[C@H](Cc1ccccc1)C(=O)O)[C@@H](O)Cc1ccccc1,ester
O=C(O)C[C@@H](O)CSc1ccccc1.O=C(O)C[C@H](O)CSc1ccccc1,1.0,poly(4-(phenylthio)methylene-_-propiolactone),13.0,,C,C,"('O=C(O)C[C@@H](O)CSc1ccccc1', 'O=C(O)C[C@H](O)CSc1ccccc1')",[],0,O=C(O)C[C@@H](CSc1ccccc1)OC(=O)C[C@@H](CSc1ccccc1)OC(=O)C[C@@H](CSc1ccccc1)OC(=O)C[C@@H](CSc1ccccc1)OC(=O)C[C@@H](CSc1ccccc1)OC(=O)C[C@@H](CSc1ccccc1)OC(=O)C[C@@H](CSc1ccccc1)OC(=O)C[C@@H](CSc1ccccc1)OC(=O)C[C@@H](CSc1ccccc1)OC(=O)C[C@H](O)CSc1ccccc1,ester
C[C@@H](O)C(=O)O.C[C@H](O)C(=O)O,0.85,poly(lactic acid),,171.0,C,C,"('C[C@@H](O)C(=O)O', 'C[C@H](O)C(=O)O')",[],0,C[C@H](O)C(=O)O[C@@H](C)C(=O)O[C@@H](C)C(=O)O[C@@H](C)C(=O)O[C@@H](C)C(=O)O[C@@H](C)C(=O)O[C@@H](C)C(=O)O[C@@H](C)C(=O)O[C@@H](C)C(=O)O[C@H](C)C(=O)O,ester
C[C@@H](O)CC(=O)O.C[C@H](O)CC(=O)O,0.99,poly(RR-3-hydroxybutyrate),,173.0,C,C,"('C[C@@H](O)CC(=O)O', 'C[C@H](O)CC(=O)O')",[],0,C[C@@H](O)CC(=O)O[C@H](C)CC(=O)O[C@H](C)CC(=O)O[C@H](C)CC(=O)O[C@H](C)CC(=O)O[C@H](C)CC(=O)O[C@H](C)CC(=O)O[C@H](C)CC(=O)O[C@H](C)CC(=O)O[C@H](C)CC(=O)O,ester
O=C(O)C[C@@H](O)CSc1ccccc1.O=C(O)C[C@H](O)CSc1ccccc1,0.27,poly(4-(phenylthio)methylene-_-propiolactone),9.0,,C,C,"('O=C(O)C[C@@H](O)CSc1ccccc1', 'O=C(O)C[C@H](O)CSc1ccccc1')",[],0,O=C(O)C[C@H](CSc1ccccc1)OC(=O)C[C@@H](CSc1ccccc1)OC(=O)C[C@H](CSc1ccccc1)OC(=O)C[C@H](CSc1ccccc1)OC(=O)C[C@@H](CSc1ccccc1)OC(=O)C[C@H](CSc1ccccc1)OC(=O)C[C@H](CSc1ccccc1)OC(=O)C[C@H](CSc1ccccc1)OC(=O)C[C@@H](CSc1ccccc1)OC(=O)C[C@@H](O)CSc1ccccc1,ester
O=C(O)C[C@@H](O)COc1ccccc1.O=C(O)C[C@H](O)COc1ccccc1,0.16,poly(3-Hydroxy-4-phenoxybutanoic acid),38.0,,C,C,"('O=C(O)C[C@@H](O)COc1ccccc1', 'O=C(O)C[C@H](O)COc1ccccc1')",[],0,O=C(O)C[C@H](COc1ccccc1)OC(=O)C[C@@H](COc1ccccc1)OC(=O)C[C@H](COc1ccccc1)OC(=O)C[C@@H](COc1ccccc1)OC(=O)C[C@@H](COc1ccccc1)OC(=O)C[C@H](COc1ccccc1)OC(=O)C[C@@H](COc1ccccc1)OC(=O)C[C@H](COc1ccccc1)OC(=O)C[C@@H](COc1ccccc1)OC(=O)C[C@H](O)COc1ccccc1,ester
O=C(O)C[C@@H](O)COc1ccccc1.O=C(O)C[C@H](O)COc1ccccc1,0.23,poly(3-Hydroxy-4-phenoxybutanoic acid),22.0,,C,C,"('O=C(O)C[C@@H](O)COc1ccccc1', 'O=C(O)C[C@H](O)COc1ccccc1')",[],0,O=C(O)C[C@@H](COc1ccccc1)OC(=O)C[C@H](COc1ccccc1)OC(=O)C[C@@H](COc1ccccc1)OC(=O)C[C@@H](COc1ccccc1)OC(=O)C[C@H](COc1ccccc1)OC(=O)C[C@H](COc1ccccc1)OC(=O)C[C@@H](COc1ccccc1)OC(=O)C[C@H](COc1ccccc1)OC(=O)C[C@H](COc1ccccc1)OC(=O)C[C@H](O)COc1ccccc1,ester
O=C(O)C[C@@H](O)COc1ccccc1.O=C(O)C[C@H](O)COc1ccccc1,0.14,poly(3-Hydroxy-4-phenoxybutanoic acid),38.0,,C,C,"('O=C(O)C[C@@H](O)COc1ccccc1', 'O=C(O)C[C@H](O)COc1ccccc1')",[],0,O=C(O)C[C@H](COc1ccccc1)OC(=O)C[C@@H](COc1ccccc1)OC(=O)C[C@H](COc1ccccc1)OC(=O)C[C@H](COc1ccccc1)OC(=O)C[C@@H](COc1ccccc1)OC(=O)C[C@H](COc1ccccc1)OC(=O)C[C@@H](COc1ccccc1)OC(=O)C[C@H](COc1ccccc1)OC(=O)C[C@H](COc1ccccc1)OC(=O)C[C@H](O)COc1ccccc1,ester
O=C(O)C[C@@H](O)COc1ccccc1.O=C(O)C[C@H](O)COc1ccccc1,0.13,poly(3-Hydroxy-4-phenoxybutanoic acid),38.0,,C,C,"('O=C(O)C[C@@H](O)COc1ccccc1', 'O=C(O)C[C@H](O)COc1ccccc1')",[],0,O=C(O)C[C@@H](COc1ccccc1)OC(=O)C[C@@H](COc1ccccc1)OC(=O)C[C@H](COc1ccccc1)OC(=O)C[C@@H](COc1ccccc1)OC(=O)C[C@H](COc1ccccc1)OC(=O)C[C@H](COc1ccccc1)OC(=O)C[C@@H](COc1ccccc1)OC(=O)C[C@H](COc1ccccc1)OC(=O)C[C@@H](COc1ccccc1)OC(=O)C[C@@H](O)COc1ccccc1,ester
O=C(O)C[C@@H](O)COc1ccccc1.O=C(O)C[C@H](O)COc1ccccc1,0.25,poly(3-Hydroxy-4-phenoxybutanoic acid),21.0,,C,C,"('O=C(O)C[C@@H](O)COc1ccccc1', 'O=C(O)C[C@H](O)COc1ccccc1')",[],0,O=C(O)C[C@@H](COc1ccccc1)OC(=O)C[C@@H](COc1ccccc1)OC(=O)C[C@H](COc1ccccc1)OC(=O)C[C@H](COc1ccccc1)OC(=O)C[C@@H](COc1ccccc1)OC(=O)C[C@H](COc1ccccc1)OC(=O)C[C@@H](COc1ccccc1)OC(=O)C[C@H](COc1ccccc1)OC(=O)C[C@@H](COc1ccccc1)OC(=O)C[C@H](O)COc1ccccc1,ester
O=C(O)C[C@@H](O)CCOCc1ccccc1.O=C(O)C[C@H](O)CCOCc1ccccc1,1.0,poly(3-hydroxy-5-phenylmethoxypentanoic acid),-14.0,,C,C,"('O=C(O)C[C@@H](O)CCOCc1ccccc1', 'O=C(O)C[C@H](O)CCOCc1ccccc1')",[],0,O=C(O)C[C@@H](CCOCc1ccccc1)OC(=O)C[C@@H](CCOCc1ccccc1)OC(=O)C[C@@H](CCOCc1ccccc1)OC(=O)C[C@@H](CCOCc1ccccc1)OC(=O)C[C@@H](CCOCc1ccccc1)OC(=O)C[C@@H](CCOCc1ccccc1)OC(=O)C[C@@H](CCOCc1ccccc1)OC(=O)C[C@@H](CCOCc1ccccc1)OC(=O)C[C@@H](CCOCc1ccccc1)OC(=O)C[C@H](O)CCOCc1ccccc1,ester
O=C(O)C[C@@H](O)CCOCc1ccccc1.O=C(O)C[C@H](O)CCOCc1ccccc1,0.51,poly(3-hydroxy-5-phenylmethoxypentanoic acid),-13.5,,C,C,"('O=C(O)C[C@@H](O)CCOCc1ccccc1', 'O=C(O)C[C@H](O)CCOCc1ccccc1')",[],0,O=C(O)C[C@H](CCOCc1ccccc1)OC(=O)C[C@H](CCOCc1ccccc1)OC(=O)C[C@@H](CCOCc1ccccc1)OC(=O)C[C@H](CCOCc1ccccc1)OC(=O)C[C@@H](CCOCc1ccccc1)OC(=O)C[C@@H](CCOCc1ccccc1)OC(=O)C[C@@H](CCOCc1ccccc1)OC(=O)C[C@@H](CCOCc1ccccc1)OC(=O)C[C@H](CCOCc1ccccc1)OC(=O)C[C@@H](O)CCOCc1ccccc1,ester
O=C(O)C[C@@H](O)COc1ccccc1.O=C(O)C[C@H](O)COc1ccccc1,1.0,poly(3-Hydroxy-4-phenoxybutanoic acid),36.0,,C,C,"('O=C(O)C[C@@H](O)COc1ccccc1', 'O=C(O)C[C@H](O)COc1ccccc1')",[],0,O=C(O)C[C@H](COc1ccccc1)OC(=O)C[C@H](COc1ccccc1)OC(=O)C[C@H](COc1ccccc1)OC(=O)C[C@H](COc1ccccc1)OC(=O)C[C@H](COc1ccccc1)OC(=O)C[C@H](COc1ccccc1)OC(=O)C[C@H](COc1ccccc1)OC(=O)C[C@H](COc1ccccc1)OC(=O)C[C@H](COc1ccccc1)OC(=O)C[C@@H](O)COc1ccccc1,ester
O=C(O)C[C@@H](O)CCOCc1ccccc1.O=C(O)C[C@H](O)CCOCc1ccccc1,0.23,poly(3-hydroxy-5-phenylmethoxypentanoic acid),-12.0,,C,C,"('O=C(O)C[C@@H](O)CCOCc1ccccc1', 'O=C(O)C[C@H](O)CCOCc1ccccc1')",[],0,O=C(O)C[C@H](CCOCc1ccccc1)OC(=O)C[C@@H](CCOCc1ccccc1)OC(=O)C[C@H](CCOCc1ccccc1)OC(=O)C[C@@H](CCOCc1ccccc1)OC(=O)C[C@H](CCOCc1ccccc1)OC(=O)C[C@H](CCOCc1ccccc1)OC(=O)C[C@H](CCOCc1ccccc1)OC(=O)C[C@@H](CCOCc1ccccc1)OC(=O)C[C@H](CCOCc1ccccc1)OC(=O)C[C@@H](O)CCOCc1ccccc1,ester
O=C(O)C[C@@H](O)CCOCc1ccccc1.O=C(O)C[C@H](O)CCOCc1ccccc1,0.2,poly(3-hydroxy-5-phenylmethoxypentanoic acid),-13.0,,C,C,"('O=C(O)C[C@@H](O)CCOCc1ccccc1', 'O=C(O)C[C@H](O)CCOCc1ccccc1')",[],0,O=C(O)C[C@H](CCOCc1ccccc1)OC(=O)C[C@@H](CCOCc1ccccc1)OC(=O)C[C@H](CCOCc1ccccc1)OC(=O)C[C@H](CCOCc1ccccc1)OC(=O)C[C@@H](CCOCc1ccccc1)OC(=O)C[C@H](CCOCc1ccccc1)OC(=O)C[C@@H](CCOCc1ccccc1)OC(=O)C[C@H](CCOCc1ccccc1)OC(=O)C[C@@H](CCOCc1ccccc1)OC(=O)C[C@H](O)CCOCc1ccccc1,ester
O=C(O)C[C@@H](O)CCOCc1ccccc1.O=C(O)C[C@H](O)CCOCc1ccccc1,0.15,poly(3-hydroxy-5-phenylmethoxypentanoic acid),-10.0,,C,C,"('O=C(O)C[C@@H](O)CCOCc1ccccc1', 'O=C(O)C[C@H](O)CCOCc1ccccc1')",[],0,O=C(O)C[C@@H](CCOCc1ccccc1)OC(=O)C[C@H](CCOCc1ccccc1)OC(=O)C[C@H](CCOCc1ccccc1)OC(=O)C[C@@H](CCOCc1ccccc1)OC(=O)C[C@H](CCOCc1ccccc1)OC(=O)C[C@H](CCOCc1ccccc1)OC(=O)C[C@@H](CCOCc1ccccc1)OC(=O)C[C@H](CCOCc1ccccc1)OC(=O)C[C@@H](CCOCc1ccccc1)OC(=O)C[C@@H](O)CCOCc1ccccc1,ester
O=C(O)C[C@@H](O)CSc1ccccc1.O=C(O)C[C@H](O)CSc1ccccc1,0.13,poly(4-(phenylthio)methylene-_-propiolactone),13.5,,C,C,"('O=C(O)C[C@@H](O)CSc1ccccc1', 'O=C(O)C[C@H](O)CSc1ccccc1')",[],0,O=C(O)C[C@H](CSc1ccccc1)OC(=O)C[C@H](CSc1ccccc1)OC(=O)C[C@@H](CSc1ccccc1)OC(=O)C[C@H](CSc1ccccc1)OC(=O)C[C@@H](CSc1ccccc1)OC(=O)C[C@H](CSc1ccccc1)OC(=O)C[C@@H](CSc1ccccc1)OC(=O)C[C@H](CSc1ccccc1)OC(=O)C[C@H](CSc1ccccc1)OC(=O)C[C@H](O)CSc1ccccc1,ester
O=C(O)C[C@@H](O)CCOCc1ccccc1.O=C(O)C[C@H](O)CCOCc1ccccc1,0.14,poly(3-hydroxy-5-phenylmethoxypentanoic acid),-13.0,,C,C,"('O=C(O)C[C@@H](O)CCOCc1ccccc1', 'O=C(O)C[C@H](O)CCOCc1ccccc1')",[],0,O=C(O)C[C@@H](CCOCc1ccccc1)OC(=O)C[C@H](CCOCc1ccccc1)OC(=O)C[C@H](CCOCc1ccccc1)OC(=O)C[C@@H](CCOCc1ccccc1)OC(=O)C[C@H](CCOCc1ccccc1)OC(=O)C[C@@H](CCOCc1ccccc1)OC(=O)C[C@@H](CCOCc1ccccc1)OC(=O)C[C@H](CCOCc1ccccc1)OC(=O)C[C@@H](CCOCc1ccccc1)OC(=O)C[C@@H](O)CCOCc1ccccc1,ester
O=C(O)C[C@@H](O)CSc1ccccc1.O=C(O)C[C@H](O)CSc1ccccc1,0.14,poly(4-(phenylthio)methylene-_-propiolactone),14.0,,C,C,"('O=C(O)C[C@@H](O)CSc1ccccc1', 'O=C(O)C[C@H](O)CSc1ccccc1')",[],0,O=C(O)C[C@H](CSc1ccccc1)OC(=O)C[C@@H](CSc1ccccc1)OC(=O)C[C@H](CSc1ccccc1)OC(=O)C[C@H](CSc1ccccc1)OC(=O)C[C@H](CSc1ccccc1)OC(=O)C[C@@H](CSc1ccccc1)OC(=O)C[C@H](CSc1ccccc1)OC(=O)C[C@@H](CSc1ccccc1)OC(=O)C[C@H](CSc1ccccc1)OC(=O)C[C@H](O)CSc1ccccc1,ester
O=C(O)C[C@@H](O)C(=O)OCc1ccccc1.O=C(O)C[C@H](O)C(=O)OCc1ccccc1,0.21,poly(Benzyl 4-oxo-2-oxetanecarboxylate),,71.0,C,C,"('O=C(O)C[C@@H](O)C(=O)OCc1ccccc1', 'O=C(O)C[C@H](O)C(=O)OCc1ccccc1')",[],0,O=C(O)C[C@H](OC(=O)C[C@@H](OC(=O)C[C@H](OC(=O)C[C@H](OC(=O)C[C@@H](OC(=O)C[C@H](OC(=O)C[C@@H](OC(=O)C[C@H](OC(=O)C[C@H](OC(=O)C[C@@H](O)C(=O)OCc1ccccc1)C(=O)OCc1ccccc1)C(=O)OCc1ccccc1)C(=O)OCc1ccccc1)C(=O)OCc1ccccc1)C(=O)OCc1ccccc1)C(=O)OCc1ccccc1)C(=O)OCc1ccccc1)C(=O)OCc1ccccc1)C(=O)OCc1ccccc1,ester
O=C(O)C[C@@H](O)C(=O)OCc1ccccc1.O=C(O)C[C@H](O)C(=O)OCc1ccccc1,0.2,poly(Benzyl 4-oxo-2-oxetanecarboxylate),,73.0,C,C,"('O=C(O)C[C@@H](O)C(=O)OCc1ccccc1', 'O=C(O)C[C@H](O)C(=O)OCc1ccccc1')",[],0,O=C(O)C[C@@H](OC(=O)C[C@H](OC(=O)C[C@@H](OC(=O)C[C@H](OC(=O)C[C@@H](OC(=O)C[C@H](OC(=O)C[C@@H](OC(=O)C[C@@H](OC(=O)C[C@@H](OC(=O)C[C@H](O)C(=O)OCc1ccccc1)C(=O)OCc1ccccc1)C(=O)OCc1ccccc1)C(=O)OCc1ccccc1)C(=O)OCc1ccccc1)C(=O)OCc1ccccc1)C(=O)OCc1ccccc1)C(=O)OCc1ccccc1)C(=O)OCc1ccccc1)C(=O)OCc1ccccc1,ester
O=C(O)C[C@@H](O)CSc1ccccc1.O=C(O)C[C@H](O)CSc1ccccc1,0.15,poly(4-(phenylthio)methylene-_-propiolactone),13.0,,C,C,"('O=C(O)C[C@@H](O)CSc1ccccc1', 'O=C(O)C[C@H](O)CSc1ccccc1')",[],0,O=C(O)C[C@@H](CSc1ccccc1)OC(=O)C[C@H](CSc1ccccc1)OC(=O)C[C@H](CSc1ccccc1)OC(=O)C[C@@H](CSc1ccccc1)OC(=O)C[C@@H](CSc1ccccc1)OC(=O)C[C@H](CSc1ccccc1)OC(=O)C[C@@H](CSc1ccccc1)OC(=O)C[C@H](CSc1ccccc1)OC(=O)C[C@@H](CSc1ccccc1)OC(=O)C[C@@H](O)CSc1ccccc1,ester
O=C(O)C[C@@H](O)C(=O)OCc1ccccc1.O=C(O)C[C@H](O)C(=O)OCc1ccccc1,0.19,poly(Benzyl 4-oxo-2-oxetanecarboxylate),,79.0,C,C,"('O=C(O)C[C@@H](O)C(=O)OCc1ccccc1', 'O=C(O)C[C@H](O)C(=O)OCc1ccccc1')",[],0,O=C(O)C[C@H](OC(=O)C[C@@H](OC(=O)C[C@@H](OC(=O)C[C@H](OC(=O)C[C@@H](OC(=O)C[C@H](OC(=O)C[C@@H](OC(=O)C[C@H](OC(=O)C[C@H](OC(=O)C[C@@H](O)C(=O)OCc1ccccc1)C(=O)OCc1ccccc1)C(=O)OCc1ccccc1)C(=O)OCc1ccccc1)C(=O)OCc1ccccc1)C(=O)OCc1ccccc1)C(=O)OCc1ccccc1)C(=O)OCc1ccccc1)C(=O)OCc1ccccc1)C(=O)OCc1ccccc1,ester
O=C(O)C[C@@H](O)C(=O)OCc1ccccc1.O=C(O)C[C@H](O)C(=O)OCc1ccccc1,0.15,poly(Benzyl 4-oxo-2-oxetanecarboxylate),,86.5,C,C,"('O=C(O)C[C@@H](O)C(=O)OCc1ccccc1', 'O=C(O)C[C@H](O)C(=O)OCc1ccccc1')",[],0,O=C(O)C[C@H](OC(=O)C[C@@H](OC(=O)C[C@@H](OC(=O)C[C@H](OC(=O)C[C@@H](OC(=O)C[C@H](OC(=O)C[C@@H](OC(=O)C[C@H](OC(=O)C[C@@H](OC(=O)C[C@@H](O)C(=O)OCc1ccccc1)C(=O)OCc1ccccc1)C(=O)OCc1ccccc1)C(=O)OCc1ccccc1)C(=O)OCc1ccccc1)C(=O)OCc1ccccc1)C(=O)OCc1ccccc1)C(=O)OCc1ccccc1)C(=O)OCc1ccccc1)C(=O)OCc1ccccc1,ester
O=C(O)C[C@@H](O)CSc1ccccc1.O=C(O)C[C@H](O)CSc1ccccc1,0.16,poly(4-(phenylthio)methylene-_-propiolactone),12.0,,C,C,"('O=C(O)C[C@@H](O)CSc1ccccc1', 'O=C(O)C[C@H](O)CSc1ccccc1')",[],0,O=C(O)C[C@@H](CSc1ccccc1)OC(=O)C[C@H](CSc1ccccc1)OC(=O)C[C@@H](CSc1ccccc1)OC(=O)C[C@H](CSc1ccccc1)OC(=O)C[C@@H](CSc1ccccc1)OC(=O)C[C@H](CSc1ccccc1)OC(=O)C[C@H](CSc1ccccc1)OC(=O)C[C@H](CSc1ccccc1)OC(=O)C[C@@H](CSc1ccccc1)OC(=O)C[C@@H](O)CSc1ccccc1,ester
O=C(O)C[C@@H](O)C(=O)OCc1ccccc1.O=C(O)C[C@H](O)C(=O)OCc1ccccc1,0.09,poly(Benzyl 4-oxo-2-oxetanecarboxylate),,100.0,C,C,"('O=C(O)C[C@@H](O)C(=O)OCc1ccccc1', 'O=C(O)C[C@H](O)C(=O)OCc1ccccc1')",[],0,O=C(O)C[C@H](OC(=O)C[C@@H](OC(=O)C[C@H](OC(=O)C[C@@H](OC(=O)C[C@@H](OC(=O)C[C@H](OC(=O)C[C@@H](OC(=O)C[C@H](OC(=O)C[C@@H](OC(=O)C[C@H](O)C(=O)OCc1ccccc1)C(=O)OCc1ccccc1)C(=O)OCc1ccccc1)C(=O)OCc1ccccc1)C(=O)OCc1ccccc1)C(=O)OCc1ccccc1)C(=O)OCc1ccccc1)C(=O)OCc1ccccc1)C(=O)OCc1ccccc1)C(=O)OCc1ccccc1,ester
O=C(O)C[C@@H](O)C(=O)OCc1ccccc1.O=C(O)C[C@H](O)C(=O)OCc1ccccc1,0.08,poly(Benzyl 4-oxo-2-oxetanecarboxylate),,104.0,C,C,"('O=C(O)C[C@@H](O)C(=O)OCc1ccccc1', 'O=C(O)C[C@H](O)C(=O)OCc1ccccc1')",[],0,O=C(O)C[C@@H](OC(=O)C[C@H](OC(=O)C[C@H](OC(=O)C[C@@H](OC(=O)C[C@H](OC(=O)C[C@@H](OC(=O)C[C@H](OC(=O)C[C@@H](OC(=O)C[C@H](OC(=O)C[C@@H](O)C(=O)OCc1ccccc1)C(=O)OCc1ccccc1)C(=O)OCc1ccccc1)C(=O)OCc1ccccc1)C(=O)OCc1ccccc1)C(=O)OCc1ccccc1)C(=O)OCc1ccccc1)C(=O)OCc1ccccc1)C(=O)OCc1ccccc1)C(=O)OCc1ccccc1,ester
O=C(O)C[C@@H](O)CSc1ccccc1.O=C(O)C[C@H](O)CSc1ccccc1,0.24,poly(4-(phenylthio)methylene-_-propiolactone),8.0,,C,C,"('O=C(O)C[C@@H](O)CSc1ccccc1', 'O=C(O)C[C@H](O)CSc1ccccc1')",[],0,O=C(O)C[C@H](CSc1ccccc1)OC(=O)C[C@@H](CSc1ccccc1)OC(=O)C[C@H](CSc1ccccc1)OC(=O)C[C@@H](CSc1ccccc1)OC(=O)C[C@H](CSc1ccccc1)OC(=O)C[C@H](CSc1ccccc1)OC(=O)C[C@H](CSc1ccccc1)OC(=O)C[C@H](CSc1ccccc1)OC(=O)C[C@@H](CSc1ccccc1)OC(=O)C[C@@H](O)CSc1ccccc1,ester
O=C(O)C[C@@H](O)C(=O)OCc1ccccc1.O=C(O)C[C@H](O)C(=O)OCc1ccccc1,0.05,poly(Benzyl 4-oxo-2-oxetanecarboxylate),,114.0,C,C,"('O=C(O)C[C@@H](O)C(=O)OCc1ccccc1', 'O=C(O)C[C@H](O)C(=O)OCc1ccccc1')",[],0,O=C(O)C[C@@H](OC(=O)C[C@H](OC(=O)C[C@@H](OC(=O)C[C@H](OC(=O)C[C@@H](OC(=O)C[C@H](OC(=O)C[C@@H](OC(=O)C[C@H](OC(=O)C[C@@H](OC(=O)C[C@H](O)C(=O)OCc1ccccc1)C(=O)OCc1ccccc1)C(=O)OCc1ccccc1)C(=O)OCc1ccccc1)C(=O)OCc1ccccc1)C(=O)OCc1ccccc1)C(=O)OCc1ccccc1)C(=O)OCc1ccccc1)C(=O)OCc1ccccc1)C(=O)OCc1ccccc1,ester
O=C(C[C@@H](O)C(=O)O)OCc1ccccc1.O=C(C[C@H](O)C(=O)O)OCc1ccccc1,1.0,poly(alpha-Benzylmalic acid),4.0,,C,C,"('O=C(C[C@@H](O)C(=O)O)OCc1ccccc1', 'O=C(C[C@H](O)C(=O)O)OCc1ccccc1')",[],0,O=C(C[C@@H](O)C(=O)O[C@H](CC(=O)OCc1ccccc1)C(=O)O[C@H](CC(=O)OCc1ccccc1)C(=O)O[C@H](CC(=O)OCc1ccccc1)C(=O)O[C@H](CC(=O)OCc1ccccc1)C(=O)O[C@H](CC(=O)OCc1ccccc1)C(=O)O[C@H](CC(=O)OCc1ccccc1)C(=O)O[C@H](CC(=O)OCc1ccccc1)C(=O)O[C@H](CC(=O)OCc1ccccc1)C(=O)O[C@H](CC(=O)OCc1ccccc1)C(=O)O)OCc1ccccc1,ester
O=C(O)C[C@@H](O)CSc1ccccc1.O=C(O)C[C@H](O)CSc1ccccc1,0.26,poly(4-(phenylthio)methylene-_-propiolactone),9.0,,C,C,"('O=C(O)C[C@@H](O)CSc1ccccc1', 'O=C(O)C[C@H](O)CSc1ccccc1')",[],0,O=C(O)C[C@@H](CSc1ccccc1)OC(=O)C[C@H](CSc1ccccc1)OC(=O)C[C@H](CSc1ccccc1)OC(=O)C[C@@H](CSc1ccccc1)OC(=O)C[C@@H](CSc1ccccc1)OC(=O)C[C@@H](CSc1ccccc1)OC(=O)C[C@H](CSc1ccccc1)OC(=O)C[C@@H](CSc1ccccc1)OC(=O)C[C@H](CSc1ccccc1)OC(=O)C[C@H](O)CSc1ccccc1,ester
O=C(C[C@@H](O)C(=O)O)OCc1ccccc1.O=C(C[C@H](O)C(=O)O)OCc1ccccc1,0.22,poly(alpha-Benzylmalic acid),6.0,,C,C,"('O=C(C[C@@H](O)C(=O)O)OCc1ccccc1', 'O=C(C[C@H](O)C(=O)O)OCc1ccccc1')",[],0,O=C(C[C@H](OC(=O)[C@H](CC(=O)OCc1ccccc1)OC(=O)[C@@H](CC(=O)OCc1ccccc1)OC(=O)[C@H](CC(=O)OCc1ccccc1)OC(=O)[C@H](CC(=O)OCc1ccccc1)OC(=O)[C@@H](CC(=O)OCc1ccccc1)OC(=O)[C@H](CC(=O)OCc1ccccc1)OC(=O)[C@@H](CC(=O)OCc1ccccc1)OC(=O)[C@H](CC(=O)OCc1ccccc1)OC(=O)[C@H](O)CC(=O)OCc1ccccc1)C(=O)O)OCc1ccccc1,ester
O=C(O)[C@@H]1CCCC[C@H]1CO.O=C(O)[C@H]1CCCC[C@@H]1CO,0.95,poly(CBL),33.0,157.0,C,C,"('O=C(O)[C@@H]1CCCC[C@H]1CO', 'O=C(O)[C@H]1CCCC[C@@H]1CO')",[],0,O=C(OCC1CCCCC1C(=O)OCC1CCCCC1C(=O)OCC1CCCCC1C(=O)OCC1CCCCC1C(=O)OC[C@H]1CCCC[C@@H]1C(=O)OC[C@H]1CCCC[C@@H]1C(=O)OC[C@H]1CCCC[C@@H]1C(=O)OC[C@H]1CCCC[C@@H]1C(=O)OC[C@H]1CCCC[C@@H]1C(=O)O)C1CCCCC1CO,ester
C[C@@H](O)CC(=O)O.C[C@H](O)CC(=O)O,0.99,poly(SS-3-hydroxybutyrate),,173.0,C,C,"('C[C@@H](O)CC(=O)O', 'C[C@H](O)CC(=O)O')",[],0,C[C@H](O)CC(=O)O[C@@H](C)CC(=O)O[C@@H](C)CC(=O)O[C@@H](C)CC(=O)O[C@@H](C)CC(=O)O[C@@H](C)CC(=O)O[C@@H](C)CC(=O)O[C@@H](C)CC(=O)O[C@@H](C)CC(=O)O[C@@H](C)CC(=O)O,ester
C[C@@H](O)CC(=O)O.C[C@H](O)CC(=O)O,0.99,poly(RS-3-hydroxybutyrate),,167.0,C,C,"('C[C@@H](O)CC(=O)O', 'C[C@H](O)CC(=O)O')",[],0,C[C@H](O)CC(=O)O[C@@H](C)CC(=O)O[C@@H](C)CC(=O)O[C@@H](C)CC(=O)O[C@@H](C)CC(=O)O[C@@H](C)CC(=O)O[C@@H](C)CC(=O)O[C@@H](C)CC(=O)O[C@@H](C)CC(=O)O[C@@H](C)CC(=O)O,ester
O=C(O)[C@@H](O)Cc1ccccc1.O=C(O)[C@H](O)Cc1ccccc1,0.79,poly(2-Hydroxy-3-phenylpropionic acid),58.0,,C,C,"('O=C(O)[C@@H](O)Cc1ccccc1', 'O=C(O)[C@H](O)Cc1ccccc1')",[],0,O=C(O[C@H](Cc1ccccc1)C(=O)O[C@H](Cc1ccccc1)C(=O)O[C@H](Cc1ccccc1)C(=O)O[C@H](Cc1ccccc1)C(=O)O[C@H](Cc1ccccc1)C(=O)O[C@H](Cc1ccccc1)C(=O)O[C@@H](Cc1ccccc1)C(=O)O[C@@H](Cc1ccccc1)C(=O)O[C@@H](Cc1ccccc1)C(=O)O)[C@@H](O)Cc1ccccc1,ester
O=C(O)C[C@@H](O)c1ccccc1.O=C(O)C[C@H](O)c1ccccc1,0.252,poly(3-hydroxy-4-phenylbutyrate),36.0,,C,C,"('O=C(O)C[C@@H](O)c1ccccc1', 'O=C(O)C[C@H](O)c1ccccc1')",[],0,O=C(O)C[C@@H](OC(=O)C[C@H](OC(=O)C[C@H](OC(=O)C[C@H](OC(=O)C[C@@H](OC(=O)C[C@H](OC(=O)C[C@@H](OC(=O)C[C@H](OC(=O)C[C@@H](OC(=O)C[C@@H](O)c1ccccc1)c1ccccc1)c1ccccc1)c1ccccc1)c1ccccc1)c1ccccc1)c1ccccc1)c1ccccc1)c1ccccc1)c1ccccc1,ester
O=C(O)C[C@@H](O)COc1ccccc1.O=C(O)C[C@H](O)COc1ccccc1,0.21,poly(3-Hydroxy-4-phenoxybutanoic acid),30.0,,C,C,"('O=C(O)C[C@@H](O)COc1ccccc1', 'O=C(O)C[C@H](O)COc1ccccc1')",[],0,O=C(O)C[C@H](COc1ccccc1)OC(=O)C[C@@H](COc1ccccc1)OC(=O)C[C@H](COc1ccccc1)OC(=O)C[C@@H](COc1ccccc1)OC(=O)C[C@H](COc1ccccc1)OC(=O)C[C@H](COc1ccccc1)OC(=O)C[C@@H](COc1ccccc1)OC(=O)C[C@H](COc1ccccc1)OC(=O)C[C@H](COc1ccccc1)OC(=O)C[C@H](O)COc1ccccc1,ester
CCCC[C@@H](O)CC(=O)O.CCCC[C@H](O)CC(=O)O,0.97,poly(3-hydroxyheptanoic acid),-30.15,,C,C,"('CCCC[C@@H](O)CC(=O)O', 'CCCC[C@H](O)CC(=O)O')",[],0,CCCC[C@@H](O)CC(=O)O[C@H](CCCC)CC(=O)O[C@H](CCCC)CC(=O)O[C@H](CCCC)CC(=O)O[C@H](CCCC)CC(=O)O[C@H](CCCC)CC(=O)O[C@H](CCCC)CC(=O)O[C@H](CCCC)CC(=O)O[C@H](CCCC)CC(=O)O[C@H](CCCC)CC(=O)O,ester
C=CCOC(=O)[C@@H](O)CC(=O)O.C=CCOC(=O)[C@H](O)CC(=O)O,0.18,poly(Allyl 4-oxo-2-oxetanecarboxylate),,51.0,C,C,"('C=CCOC(=O)[C@@H](O)CC(=O)O', 'C=CCOC(=O)[C@H](O)CC(=O)O')",[],0,C=CCOC(=O)[C@@H](O)CC(=O)O[C@H](CC(=O)O[C@H](CC(=O)O[C@@H](CC(=O)O[C@H](CC(=O)O[C@@H](CC(=O)O[C@@H](CC(=O)O[C@H](CC(=O)O[C@@H](CC(=O)O[C@H](CC(=O)O)C(=O)OCC=C)C(=O)OCC=C)C(=O)OCC=C)C(=O)OCC=C)C(=O)OCC=C)C(=O)OCC=C)C(=O)OCC=C)C(=O)OCC=C)C(=O)OCC=C,ester
O=C(O)[C@@H]1CCCC[C@H]1CO.O=C(O)[C@H]1CCCC[C@@H]1CO,0.25,poly(CBL),48.0,,C,C,"('O=C(O)[C@@H]1CCCC[C@H]1CO', 'O=C(O)[C@H]1CCCC[C@@H]1CO')",[],0,O=C(OCC1CCCCC1C(=O)OCC1CCCCC1C(=O)OCC1CCCCC1C(=O)OCC1CCCCC1C(=O)OC[C@H]1CCCC[C@@H]1C(=O)OC[C@@H]1CCCC[C@@H]1C(=O)OC[C@H]1CCCC[C@H]1C(=O)OC[C@@H]1CCCC[C@@H]1C(=O)OC[C@@H]1CCCC[C@@H]1C(=O)O)C1CCCCC1CO,ester
COC(=O)[C@@H](O)CC(=O)O.COC(=O)[C@H](O)CC(=O)O,0.58,poly(methyl 4-oxo-2-oxetanecarboxylate),37.0,,C,C,"('COC(=O)[C@@H](O)CC(=O)O', 'COC(=O)[C@H](O)CC(=O)O')",[],0,COC(=O)[C@H](CC(=O)O)OC(=O)C[C@H](OC(=O)C[C@@H](OC(=O)C[C@@H](OC(=O)C[C@H](OC(=O)C[C@H](OC(=O)C[C@@H](OC(=O)C[C@@H](OC(=O)C[C@@H](OC(=O)C[C@@H](O)C(=O)OC)C(=O)OC)C(=O)OC)C(=O)OC)C(=O)OC)C(=O)OC)C(=O)OC)C(=O)OC)C(=O)OC,ester
COC(=O)[C@@H](O)CC(=O)O.COC(=O)[C@H](O)CC(=O)O,0.24,poly(methyl 4-oxo-2-oxetanecarboxylate),41.0,110.0,C,C,"('COC(=O)[C@@H](O)CC(=O)O', 'COC(=O)[C@H](O)CC(=O)O')",[],0,COC(=O)[C@H](CC(=O)O[C@@H](CC(=O)O[C@H](CC(=O)O[C@@H](CC(=O)O[C@H](CC(=O)O)C(=O)OC)C(=O)OC)C(=O)OC)C(=O)OC)OC(=O)C[C@@H](OC(=O)C[C@@H](OC(=O)C[C@H](OC(=O)C[C@@H](OC(=O)C[C@@H](O)C(=O)OC)C(=O)OC)C(=O)OC)C(=O)OC)C(=O)OC,ester
O=C(O)[C@@H]1CCCC[C@H]1CO.O=C(O)[C@H]1CCCC[C@@H]1CO,0.3,poly(CBL),48.0,,C,C,"('O=C(O)[C@@H]1CCCC[C@H]1CO', 'O=C(O)[C@H]1CCCC[C@@H]1CO')",[],0,O=C(OCC1CCCCC1C(=O)OCC1CCCCC1C(=O)OCC1CCCCC1C(=O)OCC1CCCCC1C(=O)OC[C@@H]1CCCC[C@@H]1C(=O)OC[C@@H]1CCCC[C@@H]1C(=O)OC[C@@H]1CCCC[C@@H]1C(=O)OC[C@H]1CCCC[C@H]1C(=O)OC[C@@H]1CCCC[C@H]1C(=O)O)C1CCCCC1CO,ester
C=CCOC(=O)[C@@H](O)CC(=O)O.C=CCOC(=O)[C@H](O)CC(=O)O,0.19,poly(Allyl 4-oxo-2-oxetanecarboxylate),,49.0,C,C,"('C=CCOC(=O)[C@@H](O)CC(=O)O', 'C=CCOC(=O)[C@H](O)CC(=O)O')",[],0,C=CCOC(=O)[C@H](CC(=O)O)OC(=O)C[C@@H](OC(=O)C[C@H](OC(=O)C[C@H](OC(=O)C[C@@H](OC(=O)C[C@H](OC(=O)C[C@@H](OC(=O)C[C@H](OC(=O)C[C@@H](OC(=O)C[C@@H](O)C(=O)OCC=C)C(=O)OCC=C)C(=O)OCC=C)C(=O)OCC=C)C(=O)OCC=C)C(=O)OCC=C)C(=O)OCC=C)C(=O)OCC=C)C(=O)OCC=C,ester
COC(=O)[C@@H](O)CC(=O)O.COC(=O)[C@H](O)CC(=O)O,0.23,poly(methyl 4-oxo-2-oxetanecarboxylate),40.0,112.0,C,C,"('COC(=O)[C@@H](O)CC(=O)O', 'COC(=O)[C@H](O)CC(=O)O')",[],0,COC(=O)[C@H](CC(=O)O[C@H](CC(=O)O[C@@H](CC(=O)O[C@H](CC(=O)O[C@H](CC(=O)O)C(=O)OC)C(=O)OC)C(=O)OC)C(=O)OC)OC(=O)C[C@@H](OC(=O)C[C@@H](OC(=O)C[C@@H](OC(=O)C[C@H](OC(=O)C[C@@H](O)C(=O)OC)C(=O)OC)C(=O)OC)C(=O)OC)C(=O)OC,ester
O=C(O)[C@@H]1CCCC[C@H]1CO.O=C(O)[C@H]1CCCC[C@@H]1CO,0.88,poly(CBL),43.0,164.0,C,C,"('O=C(O)[C@@H]1CCCC[C@H]1CO', 'O=C(O)[C@H]1CCCC[C@@H]1CO')",[],0,O=C(OCC1CCCCC1C(=O)OCC1CCCCC1C(=O)OCC1CCCCC1C(=O)OCC1CCCCC1C(=O)OC[C@@H]1CCCC[C@H]1C(=O)OC[C@@H]1CCCC[C@H]1C(=O)OC[C@@H]1CCCC[C@H]1C(=O)OC[C@@H]1CCCC[C@H]1C(=O)OC[C@H]1CCCC[C@@H]1C(=O)O)C1CCCCC1CO,ester
O=C(O)[C@@H]1CCCC[C@H]1CO.O=C(O)[C@H]1CCCC[C@@H]1CO,0.32,poly(CBL),45.0,,C,C,"('O=C(O)[C@@H]1CCCC[C@H]1CO', 'O=C(O)[C@H]1CCCC[C@@H]1CO')",[],0,O=C(OCC1CCCCC1C(=O)OCC1CCCCC1C(=O)OCC1CCCCC1C(=O)OCC1CCCCC1C(=O)OC[C@@H]1CCCC[C@H]1C(=O)OC[C@H]1CCCC[C@@H]1C(=O)OC[C@@H]1CCCC[C@H]1C(=O)OC[C@H]1CCCC[C@H]1C(=O)OC[C@H]1CCCC[C@H]1C(=O)O)C1CCCCC1CO,ester
COC(=O)[C@@H](O)CC(=O)O.COC(=O)[C@H](O)CC(=O)O,0.19,poly(methyl 4-oxo-2-oxetanecarboxylate),39.0,173.0,C,C,"('COC(=O)[C@@H](O)CC(=O)O', 'COC(=O)[C@H](O)CC(=O)O')",[],0,COC(=O)[C@H](CC(=O)O)OC(=O)C[C@@H](OC(=O)C[C@H](OC(=O)C[C@H](OC(=O)C[C@@H](OC(=O)C[C@H](OC(=O)C[C@@H](OC(=O)C[C@H](OC(=O)C[C@H](OC(=O)C[C@@H](O)C(=O)OC)C(=O)OC)C(=O)OC)C(=O)OC)C(=O)OC)C(=O)OC)C(=O)OC)C(=O)OC)C(=O)OC,ester
C[C@@H](O)C(=O)O.C[C@H](O)C(=O)O,0.842614977,poly(lactic acid),46.2,,C,C,"('C[C@@H](O)C(=O)O', 'C[C@H](O)C(=O)O')",[],0,C[C@H](O)C(=O)O[C@@H](C)C(=O)O[C@@H](C)C(=O)O[C@@H](C)C(=O)O[C@@H](C)C(=O)O[C@@H](C)C(=O)O[C@@H](C)C(=O)O[C@@H](C)C(=O)O[C@@H](C)C(=O)O[C@H](C)C(=O)O,ester
COC(=O)[C@@H](O)CC(=O)O.COC(=O)[C@H](O)CC(=O)O,0.11,poly(methyl 4-oxo-2-oxetanecarboxylate),,207.0,C,C,"('COC(=O)[C@@H](O)CC(=O)O', 'COC(=O)[C@H](O)CC(=O)O')",[],0,COC(=O)[C@H](CC(=O)O[C@H](CC(=O)O)C(=O)OC)OC(=O)C[C@@H](OC(=O)C[C@H](OC(=O)C[C@@H](OC(=O)C[C@H](OC(=O)C[C@@H](OC(=O)C[C@@H](OC(=O)C[C@H](OC(=O)C[C@@H](O)C(=O)OC)C(=O)OC)C(=O)OC)C(=O)OC)C(=O)OC)C(=O)OC)C(=O)OC)C(=O)OC,ester
COC(=O)[C@@H](O)CC(=O)O.COC(=O)[C@H](O)CC(=O)O,0.08,poly(methyl 4-oxo-2-oxetanecarboxylate),,212.0,C,C,"('COC(=O)[C@@H](O)CC(=O)O', 'COC(=O)[C@H](O)CC(=O)O')",[],0,COC(=O)[C@H](CC(=O)O[C@@H](CC(=O)O[C@H](CC(=O)O[C@@H](CC(=O)O[C@H](CC(=O)O[C@@H](CC(=O)O[C@H](CC(=O)O[C@@H](CC(=O)O[C@H](CC(=O)O)C(=O)OC)C(=O)OC)C(=O)OC)C(=O)OC)C(=O)OC)C(=O)OC)C(=O)OC)C(=O)OC)OC(=O)C[C@@H](O)C(=O)OC,ester
CCCC[C@@H](O)CC(=O)O.CCCC[C@H](O)CC(=O)O,0.85,poly(3-hydroxyheptanoic acid),-30.8,,C,C,"('CCCC[C@@H](O)CC(=O)O', 'CCCC[C@H](O)CC(=O)O')",[],0,CCCC[C@H](O)CC(=O)O[C@@H](CCCC)CC(=O)O[C@@H](CCCC)CC(=O)O[C@@H](CCCC)CC(=O)O[C@@H](CCCC)CC(=O)O[C@@H](CCCC)CC(=O)O[C@@H](CCCC)CC(=O)O[C@H](CCCC)CC(=O)O[C@H](CCCC)CC(=O)O[C@H](CCCC)CC(=O)O,ester
O=C(O)[C@@H]1CCCC[C@H]1CO.O=C(O)[C@H]1CCCC[C@@H]1CO,0.35,poly(CBL),47.0,,C,C,"('O=C(O)[C@@H]1CCCC[C@H]1CO', 'O=C(O)[C@H]1CCCC[C@@H]1CO')",[],0,O=C(OCC1CCCCC1C(=O)OCC1CCCCC1C(=O)OCC1CCCCC1C(=O)OCC1CCCCC1C(=O)OC[C@@H]1CCCC[C@H]1C(=O)OC[C@H]1CCCC[C@H]1C(=O)OC[C@H]1CCCC[C@@H]1C(=O)OC[C@@H]1CCCC[C@@H]1C(=O)OC[C@H]1CCCC[C@@H]1C(=O)O)C1CCCCC1CO,ester
CC[C@@H](O)CC(=O)O.CC[C@H](O)CC(=O)O,0.96,poly(3-hydroxyvaleric acid),-17.466666666666665,108.0,C,C,"('CC[C@@H](O)CC(=O)O', 'CC[C@H](O)CC(=O)O')",[],0,CC[C@H](O)CC(=O)O[C@@H](CC)CC(=O)O[C@@H](CC)CC(=O)O[C@@H](CC)CC(=O)O[C@@H](CC)CC(=O)O[C@@H](CC)CC(=O)O[C@@H](CC)CC(=O)O[C@@H](CC)CC(=O)O[C@@H](CC)CC(=O)O[C@@H](CC)CC(=O)O,ester
CC[C@@H](O)CC(=O)O.CC[C@H](O)CC(=O)O,0.91,poly(3-hydroxyvaleric acid),-15.35,,C,C,"('CC[C@@H](O)CC(=O)O', 'CC[C@H](O)CC(=O)O')",[],0,CC[C@H](O)CC(=O)O[C@@H](CC)CC(=O)O[C@@H](CC)CC(=O)O[C@@H](CC)CC(=O)O[C@@H](CC)CC(=O)O[C@@H](CC)CC(=O)O[C@@H](CC)CC(=O)O[C@@H](CC)CC(=O)O[C@@H](CC)CC(=O)O[C@@H](CC)CC(=O)O,ester
O=C(O)[C@@H]1CCCC[C@H]1CO.O=C(O)[C@H]1CCCC[C@@H]1CO,0.77,poly(CBL),49.0,171.0,C,C,"('O=C(O)[C@@H]1CCCC[C@H]1CO', 'O=C(O)[C@H]1CCCC[C@@H]1CO')",[],0,O=C(OCC1CCCCC1C(=O)OCC1CCCCC1C(=O)OCC1CCCCC1C(=O)OCC1CCCCC1C(=O)OC[C@H]1CCCC[C@H]1C(=O)OC[C@@H]1CCCC[C@H]1C(=O)OC[C@@H]1CCCC[C@@H]1C(=O)OC[C@H]1CCCC[C@@H]1C(=O)OC[C@H]1CCCC[C@@H]1C(=O)O)C1CCCCC1CO,ester
CC[C@@H](O)CC(=O)O.CC[C@H](O)CC(=O)O,0.9,poly(3-hydroxyvaleric acid),-15.5,,C,C,"('CC[C@@H](O)CC(=O)O', 'CC[C@H](O)CC(=O)O')",[],0,CC[C@H](O)CC(=O)O[C@@H](CC)CC(=O)O[C@@H](CC)CC(=O)O[C@@H](CC)CC(=O)O[C@@H](CC)CC(=O)O[C@@H](CC)CC(=O)O[C@@H](CC)CC(=O)O[C@@H](CC)CC(=O)O[C@@H](CC)CC(=O)O[C@@H](CC)CC(=O)O,ester
CC[C@@H](O)CC(=O)O.CC[C@H](O)CC(=O)O,0.86,poly(3-hydroxyvaleric acid),-14.9,,C,C,"('CC[C@@H](O)CC(=O)O', 'CC[C@H](O)CC(=O)O')",[],0,CC[C@H](O)CC(=O)O[C@@H](CC)CC(=O)O[C@H](CC)CC(=O)O[C@H](CC)CC(=O)O[C@H](CC)CC(=O)O[C@H](CC)CC(=O)O[C@H](CC)CC(=O)O[C@H](CC)CC(=O)O[C@H](CC)CC(=O)O[C@H](CC)CC(=O)O,ester
O=C(O)[C@@H]1CCCC[C@H]1CO.O=C(O)[C@H]1CCCC[C@@H]1CO,0.82,poly(CBL),47.0,142.0,C,C,"('O=C(O)[C@@H]1CCCC[C@H]1CO', 'O=C(O)[C@H]1CCCC[C@@H]1CO')",[],0,O=C(OCC1CCCCC1C(=O)OCC1CCCCC1C(=O)OCC1CCCCC1C(=O)OCC1CCCCC1C(=O)OC[C@H]1CCCC[C@@H]1C(=O)OC[C@H]1CCCC[C@@H]1C(=O)OC[C@H]1CCCC[C@@H]1C(=O)OC[C@@H]1CCCC[C@H]1C(=O)OC[C@@H]1CCCC[C@H]1C(=O)O)C1CCCCC1CO,ester
CC[C@@H](O)C(=O)O.CC[C@H](O)C(=O)O,1.0,poly(2-hydroxybutanoic acid),,108.0,C,C,"('CC[C@@H](O)C(=O)O', 'CC[C@H](O)C(=O)O')",[],0,CC[C@@H](O)C(=O)O[C@H](CC)C(=O)O[C@H](CC)C(=O)O[C@H](CC)C(=O)O[C@H](CC)C(=O)O[C@H](CC)C(=O)O[C@H](CC)C(=O)O[C@H](CC)C(=O)O[C@H](CC)C(=O)O[C@H](CC)C(=O)O,ester
C[C@@H](O)C(=O)O.C[C@H](O)C(=O)O,0.05,poly(lactic acid),46.0,120.0,C,C,"('C[C@@H](O)C(=O)O', 'C[C@H](O)C(=O)O')",[],0,C[C@H](OC(=O)[C@@H](C)OC(=O)[C@H](C)OC(=O)[C@@H](C)OC(=O)[C@H](C)OC(=O)[C@@H](C)OC(=O)[C@H](C)OC(=O)[C@@H](C)OC(=O)[C@H](C)OC(=O)[C@@H](C)O)C(=O)O,ester
O=C(O)[C@@H]1CCCC[C@H]1CO.O=C(O)[C@H]1CCCC[C@@H]1CO,0.89,poly(CBL),44.5,163.0,C,C,"('O=C(O)[C@@H]1CCCC[C@H]1CO', 'O=C(O)[C@H]1CCCC[C@@H]1CO')",[],0,O=C(OCC1CCCCC1C(=O)OCC1CCCCC1C(=O)OCC1CCCCC1C(=O)OCC1CCCCC1C(=O)OC[C@H]1CCCC[C@@H]1C(=O)OC[C@H]1CCCC[C@@H]1C(=O)OC[C@H]1CCCC[C@@H]1C(=O)OC[C@H]1CCCC[C@@H]1C(=O)OC[C@H]1CCCC[C@@H]1C(=O)O)C1CCCCC1CO,ester
C[C@@H](O)C(=O)O.C[C@H](O)C(=O)O,0.02,poly(lactic acid),34.0,151.0,C,C,"('C[C@@H](O)C(=O)O', 'C[C@H](O)C(=O)O')",[],0,C[C@H](OC(=O)[C@@H](C)OC(=O)[C@H](C)OC(=O)[C@@H](C)OC(=O)[C@H](C)OC(=O)[C@@H](C)OC(=O)[C@H](C)OC(=O)[C@@H](C)OC(=O)[C@H](C)OC(=O)[C@@H](C)O)C(=O)O,ester
C[C@@H](O)C(=O)O.C[C@H](O)C(=O)O,0.07,poly(lactic acid),30.8,,C,C,"('C[C@@H](O)C(=O)O', 'C[C@H](O)C(=O)O')",[],0,C[C@H](O)C(=O)O[C@@H](C)C(=O)O[C@H](C)C(=O)O[C@@H](C)C(=O)O[C@H](C)C(=O)O[C@@H](C)C(=O)O[C@H](C)C(=O)O[C@@H](C)C(=O)O[C@H](C)C(=O)O[C@@H](C)C(=O)O,ester
C[C@@H](O)C(=O)O.C[C@H](O)C(=O)O,0.84,poly(lactic acid),,173.5,C,C,"('C[C@@H](O)C(=O)O', 'C[C@H](O)C(=O)O')",[],0,C[C@H](O)C(=O)O[C@@H](C)C(=O)O[C@H](C)C(=O)O[C@H](C)C(=O)O[C@H](C)C(=O)O[C@H](C)C(=O)O[C@H](C)C(=O)O[C@H](C)C(=O)O[C@H](C)C(=O)O[C@H](C)C(=O)O,ester
O=C(O)[C@@H](O)Cc1ccccc1.O=C(O)[C@H](O)Cc1ccccc1,0.95,poly(2-Hydroxy-3-phenylpropionic acid),46.0,,C,C,"('O=C(O)[C@@H](O)Cc1ccccc1', 'O=C(O)[C@H](O)Cc1ccccc1')",[],0,O=C(O[C@@H](Cc1ccccc1)C(=O)O[C@@H](Cc1ccccc1)C(=O)O[C@@H](Cc1ccccc1)C(=O)O[C@@H](Cc1ccccc1)C(=O)O[C@@H](Cc1ccccc1)C(=O)O[C@@H](Cc1ccccc1)C(=O)O[C@@H](Cc1ccccc1)C(=O)O[C@@H](Cc1ccccc1)C(=O)O[C@@H](Cc1ccccc1)C(=O)O)[C@@H](O)Cc1ccccc1,ester
C[C@@H](O)C(=O)O.C[C@H](O)C(=O)O,0.83,poly(lactic acid),,169.5,C,C,"('C[C@@H](O)C(=O)O', 'C[C@H](O)C(=O)O')",[],0,C[C@H](OC(=O)[C@H](C)OC(=O)[C@@H](C)OC(=O)[C@@H](C)OC(=O)[C@@H](C)OC(=O)[C@@H](C)OC(=O)[C@@H](C)OC(=O)[C@@H](C)OC(=O)[C@@H](C)OC(=O)[C@@H](C)O)C(=O)O,ester
O=C(O)[C@@H]1CCCC[C@H]1CO.O=C(O)[C@H]1CCCC[C@@H]1CO,0.92,poly(CBL),44.0,156.0,C,C,"('O=C(O)[C@@H]1CCCC[C@H]1CO', 'O=C(O)[C@H]1CCCC[C@@H]1CO')",[],0,O=C(OCC1CCCCC1C(=O)OCC1CCCCC1C(=O)OCC1CCCCC1C(=O)OCC1CCCCC1C(=O)OC[C@H]1CCCC[C@@H]1C(=O)OC[C@H]1CCCC[C@@H]1C(=O)OC[C@H]1CCCC[C@@H]1C(=O)OC[C@H]1CCCC[C@@H]1C(=O)OC[C@H]1CCCC[C@@H]1C(=O)O)C1CCCCC1CO,ester
C[C@@H](O)C(=O)O.C[C@H](O)C(=O)O,0.82,poly(lactic acid),,165.75,C,C,"('C[C@@H](O)C(=O)O', 'C[C@H](O)C(=O)O')",[],0,C[C@H](OC(=O)[C@H](C)OC(=O)[C@H](C)OC(=O)[C@H](C)OC(=O)[C@H](C)OC(=O)[C@H](C)OC(=O)[C@@H](C)OC(=O)[C@@H](C)OC(=O)[C@@H](C)OC(=O)[C@@H](C)O)C(=O)O,ester
C=C(C(=O)O)[C@@H](C)O.C=C(C(=O)O)[C@H](C)O,0.79,poly(3-hydroxy-2-methylenebutanoic acid),,109.2,C,C,"('C=C(C(=O)O)[C@@H](C)O', 'C=C(C(=O)O)[C@H](C)O')",[],0,C=C(C(=O)O[C@H](C)C(=C)C(=O)O[C@H](C)C(=C)C(=O)O[C@H](C)C(=C)C(=O)O[C@H](C)C(=C)C(=O)O[C@H](C)C(=C)C(=O)O[C@H](C)C(=C)C(=O)O[C@H](C)C(=C)C(=O)O[C@H](C)C(=C)C(=O)O[C@H](C)C(=C)C(=O)O)[C@H](C)O,ester
C[C@@H](O)C(=O)O.C[C@H](O)C(=O)O,0.79,poly(lactic acid),,163.0,C,C,"('C[C@@H](O)C(=O)O', 'C[C@H](O)C(=O)O')",[],0,C[C@H](OC(=O)[C@H](C)OC(=O)[C@H](C)OC(=O)[C@H](C)OC(=O)[C@@H](C)OC(=O)[C@@H](C)OC(=O)[C@@H](C)OC(=O)[C@@H](C)OC(=O)[C@@H](C)OC(=O)[C@@H](C)O)C(=O)O,ester
O=C(O)[C@@H](O)Cc1ccccc1.O=C(O)[C@H](O)Cc1ccccc1,1.0,poly(2-Hydroxy-3-phenylpropionic acid),50.5,,C,C,"('O=C(O)[C@@H](O)Cc1ccccc1', 'O=C(O)[C@H](O)Cc1ccccc1')",[],0,O=C(O[C@H](Cc1ccccc1)C(=O)O[C@H](Cc1ccccc1)C(=O)O[C@H](Cc1ccccc1)C(=O)O[C@H](Cc1ccccc1)C(=O)O[C@H](Cc1ccccc1)C(=O)O[C@H](Cc1ccccc1)C(=O)O[C@H](Cc1ccccc1)C(=O)O[C@H](Cc1ccccc1)C(=O)O[C@H](Cc1ccccc1)C(=O)O)[C@H](O)Cc1ccccc1,ester
C[C@@H](O)C(=O)O.C[C@H](O)C(=O)O,0.78,poly(lactic acid),,150.0,C,C,"('C[C@@H](O)C(=O)O', 'C[C@H](O)C(=O)O')",[],0,C[C@H](OC(=O)[C@H](C)OC(=O)[C@H](C)OC(=O)[C@H](C)OC(=O)[C@H](C)OC(=O)[C@H](C)OC(=O)[C@@H](C)OC(=O)[C@@H](C)OC(=O)[C@@H](C)OC(=O)[C@@H](C)O)C(=O)O,ester
O=C(O)[C@@H](O)c1ccccc1.O=C(O)[C@H](O)c1ccccc1,1.0,poly(mandelic acid),91.0,146.0,C,C,"('O=C(O)[C@@H](O)c1ccccc1', 'O=C(O)[C@H](O)c1ccccc1')",[],0,O=C(O[C@@H](C(=O)O[C@@H](C(=O)O[C@@H](C(=O)O[C@@H](C(=O)O[C@@H](C(=O)O[C@@H](C(=O)O[C@@H](C(=O)O[C@@H](C(=O)O[C@@H](C(=O)O)c1ccccc1)c1ccccc1)c1ccccc1)c1ccccc1)c1ccccc1)c1ccccc1)c1ccccc1)c1ccccc1)c1ccccc1)[C@H](O)c1ccccc1,ester
C=C(C(=O)O)[C@@H](C)O.C=C(C(=O)O)[C@H](C)O,0.91,poly(3-hydroxy-2-methylenebutanoic acid),18.7,102.8,C,C,"('C=C(C(=O)O)[C@@H](C)O', 'C=C(C(=O)O)[C@H](C)O')",[],0,C=C(C(=O)O[C@@H](C)C(=C)C(=O)O[C@@H](C)C(=C)C(=O)O[C@@H](C)C(=C)C(=O)O[C@@H](C)C(=C)C(=O)O[C@@H](C)C(=C)C(=O)O[C@@H](C)C(=C)C(=O)O[C@@H](C)C(=C)C(=O)O[C@@H](C)C(=C)C(=O)O[C@@H](C)C(=C)C(=O)O)[C@H](C)O,ester
O=C(O)[C@@H]1CCCC[C@H]1CO.O=C(O)[C@H]1CCCC[C@@H]1CO,0.91,poly(CBL),41.0,170.0,C,C,"('O=C(O)[C@@H]1CCCC[C@H]1CO', 'O=C(O)[C@H]1CCCC[C@@H]1CO')",[],0,O=C(OCC1CCCCC1C(=O)OCC1CCCCC1C(=O)OCC1CCCCC1C(=O)OCC1CCCCC1C(=O)OC[C@H]1CCCC[C@@H]1C(=O)OC[C@H]1CCCC[C@@H]1C(=O)OC[C@H]1CCCC[C@@H]1C(=O)OC[C@H]1CCCC[C@@H]1C(=O)OC[C@H]1CCCC[C@@H]1C(=O)O)C1CCCCC1CO,ester
O=C(O)[C@@H]1CCCC[C@H]1CO.O=C(O)[C@H]1CCCC[C@@H]1CO,0.84,poly(CBL),44.0,156.0,C,C,"('O=C(O)[C@@H]1CCCC[C@H]1CO', 'O=C(O)[C@H]1CCCC[C@@H]1CO')",[],0,O=C(OCC1CCCCC1C(=O)OCC1CCCCC1C(=O)OCC1CCCCC1C(=O)OCC1CCCCC1C(=O)OC[C@H]1CCCC[C@H]1C(=O)OC[C@@H]1CCCC[C@H]1C(=O)OC[C@@H]1CCCC[C@H]1C(=O)OC[C@@H]1CCCC[C@H]1C(=O)OC[C@@H]1CCCC[C@H]1C(=O)O)C1CCCCC1CO,ester
O=C(O)[C@@H](O)c1ccccc1.O=C(O)[C@H](O)c1ccccc1,0.09,poly(mandelic acid),74.0,145.0,C,C,"('O=C(O)[C@@H](O)c1ccccc1', 'O=C(O)[C@H](O)c1ccccc1')",[],0,O=C(O[C@H](C(=O)O[C@@H](C(=O)O[C@@H](C(=O)O[C@H](C(=O)O[C@@H](C(=O)O[C@H](C(=O)O[C@@H](C(=O)O[C@H](C(=O)O[C@@H](C(=O)O)c1ccccc1)c1ccccc1)c1ccccc1)c1ccccc1)c1ccccc1)c1ccccc1)c1ccccc1)c1ccccc1)c1ccccc1)[C@@H](O)c1ccccc1,ester
O=C(O)[C@@H](O)c1ccccc1.O=C(O)[C@H](O)c1ccccc1,0.18,poly(mandelic acid),76.0,,C,C,"('O=C(O)[C@@H](O)c1ccccc1', 'O=C(O)[C@H](O)c1ccccc1')",[],0,O=C(O[C@@H](C(=O)O[C@@H](C(=O)O[C@H](C(=O)O[C@@H](C(=O)O[C@H](C(=O)O[C@@H](C(=O)O[C@H](C(=O)O[C@H](C(=O)O[C@@H](C(=O)O)c1ccccc1)c1ccccc1)c1ccccc1)c1ccccc1)c1ccccc1)c1ccccc1)c1ccccc1)c1ccccc1)c1ccccc1)[C@@H](O)c1ccccc1,ester
C[C@@H](O)C(=O)O.C[C@H](O)C(=O)O,0.76,poly(lactic acid),,142.0,C,C,"('C[C@@H](O)C(=O)O', 'C[C@H](O)C(=O)O')",[],0,C[C@H](OC(=O)[C@H](C)OC(=O)[C@@H](C)OC(=O)[C@@H](C)OC(=O)[C@@H](C)OC(=O)[C@@H](C)OC(=O)[C@@H](C)OC(=O)[C@@H](C)OC(=O)[C@@H](C)O)C(=O)O[C@H](C)C(=O)O,ester
C[C@@H](O)C(=O)O.C[C@H](O)C(=O)O,0.24,poly(lactic acid),39.0,,C,C,"('C[C@@H](O)C(=O)O', 'C[C@H](O)C(=O)O')",[],0,C[C@H](O)C(=O)O[C@@H](C)C(=O)O[C@H](C)C(=O)O[C@@H](C)C(=O)O[C@H](C)C(=O)O[C@H](C)C(=O)O[C@@H](C)C(=O)O[C@H](C)C(=O)O[C@H](C)C(=O)O[C@@H](C)C(=O)O,ester
C=CCOC(=O)[C@@H](O)CC(=O)O.C=CCOC(=O)[C@H](O)CC(=O)O,0.13,poly(Allyl 4-oxo-2-oxetanecarboxylate),,80.0,C,C,"('C=CCOC(=O)[C@@H](O)CC(=O)O', 'C=CCOC(=O)[C@H](O)CC(=O)O')",[],0,C=CCOC(=O)[C@@H](O)CC(=O)O[C@H](CC(=O)O[C@@H](CC(=O)O[C@H](CC(=O)O[C@@H](CC(=O)O[C@H](CC(=O)O[C@@H](CC(=O)O[C@@H](CC(=O)O[C@@H](CC(=O)O[C@H](CC(=O)O)C(=O)OCC=C)C(=O)OCC=C)C(=O)OCC=C)C(=O)OCC=C)C(=O)OCC=C)C(=O)OCC=C)C(=O)OCC=C)C(=O)OCC=C)C(=O)OCC=C,ester
C=CCOC(=O)[C@@H](O)CC(=O)O.C=CCOC(=O)[C@H](O)CC(=O)O,0.05,poly(Allyl 4-oxo-2-oxetanecarboxylate),,109.5,C,C,"('C=CCOC(=O)[C@@H](O)CC(=O)O', 'C=CCOC(=O)[C@H](O)CC(=O)O')",[],0,C=CCOC(=O)[C@H](CC(=O)O[C@H](CC(=O)O)C(=O)OCC=C)OC(=O)C[C@@H](OC(=O)C[C@H](OC(=O)C[C@@H](OC(=O)C[C@H](OC(=O)C[C@@H](OC(=O)C[C@@H](OC(=O)C[C@H](OC(=O)C[C@@H](O)C(=O)OCC=C)C(=O)OCC=C)C(=O)OCC=C)C(=O)OCC=C)C(=O)OCC=C)C(=O)OCC=C)C(=O)OCC=C)C(=O)OCC=C,ester
C[C@@H](O)C(=O)O.C[C@H](O)C(=O)O,0.77,poly(lactic acid),,146.0,C,C,"('C[C@@H](O)C(=O)O', 'C[C@H](O)C(=O)O')",[],0,C[C@H](OC(=O)[C@H](C)OC(=O)[C@@H](C)OC(=O)[C@@H](C)OC(=O)[C@@H](C)O)C(=O)O[C@H](C)C(=O)O[C@H](C)C(=O)O[C@H](C)C(=O)O[C@H](C)C(=O)O[C@H](C)C(=O)O,ester
C[C@@H](O)C(=O)O.C[C@H](O)C(=O)O,0.11,poly(lactic acid),50.0,,C,C,"('C[C@@H](O)C(=O)O', 'C[C@H](O)C(=O)O')",[],0,C[C@H](O)C(=O)O[C@H](C)C(=O)O[C@@H](C)C(=O)O[C@H](C)C(=O)O[C@H](C)C(=O)O[C@@H](C)C(=O)O[C@H](C)C(=O)O[C@@H](C)C(=O)O[C@H](C)C(=O)O[C@@H](C)C(=O)O,ester
O=C(O)C[C@@H](O)COc1ccccc1.O=C(O)C[C@H](O)COc1ccccc1,1.0,poly(3-Hydroxy-4-phenoxybutanoic acid),36.0,,C,C,"('O=C(O)C[C@@H](O)COc1ccccc1', 'O=C(O)C[C@H](O)COc1ccccc1')",[],1,O=C(O)C[C@@H](COc1ccccc1)OC(=O)C[C@@H](COc1ccccc1)OC(=O)C[C@@H](COc1ccccc1)OC(=O)C[C@@H](COc1ccccc1)OC(=O)C[C@@H](COc1ccccc1)OC(=O)C[C@@H](COc1ccccc1)OC(=O)C[C@@H](COc1ccccc1)OC(=O)C[C@@H](COc1ccccc1)OC(=O)C[C@@H](COc1ccccc1)OC(=O)C[C@H](O)COc1ccccc1,ester
O=C(O)C[C@@H](O)COc1ccccc1.O=C(O)C[C@H](O)COc1ccccc1,0.21,poly(3-Hydroxy-4-phenoxybutanoic acid),30.0,,C,C,"('O=C(O)C[C@@H](O)COc1ccccc1', 'O=C(O)C[C@H](O)COc1ccccc1')",[],1,O=C(O)C[C@@H](COc1ccccc1)OC(=O)C[C@@H](COc1ccccc1)OC(=O)C[C@@H](COc1ccccc1)OC(=O)C[C@H](COc1ccccc1)OC(=O)C[C@@H](COc1ccccc1)OC(=O)C[C@H](COc1ccccc1)OC(=O)C[C@@H](COc1ccccc1)OC(=O)C[C@H](COc1ccccc1)OC(=O)C[C@@H](COc1ccccc1)OC(=O)C[C@@H](O)COc1ccccc1,ester
O=C(O)C[C@@H](O)CSc1ccccc1.O=C(O)C[C@H](O)CSc1ccccc1,0.15,poly(4-(phenylthio)methylene-_-propiolactone),13.0,,C,C,"('O=C(O)C[C@@H](O)CSc1ccccc1', 'O=C(O)C[C@H](O)CSc1ccccc1')",[],1,O=C(O)C[C@@H](CSc1ccccc1)OC(=O)C[C@@H](CSc1ccccc1)OC(=O)C[C@H](CSc1ccccc1)OC(=O)C[C@@H](CSc1ccccc1)OC(=O)C[C@@H](CSc1ccccc1)OC(=O)C[C@H](CSc1ccccc1)OC(=O)C[C@@H](CSc1ccccc1)OC(=O)C[C@H](CSc1ccccc1)OC(=O)C[C@@H](CSc1ccccc1)OC(=O)C[C@@H](O)CSc1ccccc1,ester
O=C(O)[C@@H]1CCCC[C@H]1CO.O=C(O)[C@H]1CCCC[C@@H]1CO,0.84,poly(CBL),44.0,156.0,C,C,"('O=C(O)[C@@H]1CCCC[C@H]1CO', 'O=C(O)[C@H]1CCCC[C@@H]1CO')",[],1,O=C(OCC1CCCCC1C(=O)OCC1CCCCC1C(=O)OCC1CCCCC1C(=O)OCC1CCCCC1C(=O)OC[C@H]1CCCC[C@@H]1C(=O)OC[C@H]1CCCC[C@@H]1C(=O)OC[C@H]1CCCC[C@@H]1C(=O)OC[C@H]1CCCC[C@H]1C(=O)OC[C@@H]1CCCC[C@H]1C(=O)O)C1CCCCC1CO,ester
O=C(O)C[C@@H](O)CSc1ccccc1.O=C(O)C[C@H](O)CSc1ccccc1,0.14,poly(4-(phenylthio)methylene-_-propiolactone),14.0,,C,C,"('O=C(O)C[C@@H](O)CSc1ccccc1', 'O=C(O)C[C@H](O)CSc1ccccc1')",[],1,O=C(O)C[C@@H](CSc1ccccc1)OC(=O)C[C@@H](CSc1ccccc1)OC(=O)C[C@H](CSc1ccccc1)OC(=O)C[C@H](CSc1ccccc1)OC(=O)C[C@@H](CSc1ccccc1)OC(=O)C[C@H](CSc1ccccc1)OC(=O)C[C@@H](CSc1ccccc1)OC(=O)C[C@H](CSc1ccccc1)OC(=O)C[C@@H](CSc1ccccc1)OC(=O)C[C@@H](O)CSc1ccccc1,ester
O=C(O)C[C@@H](O)COc1ccccc1.O=C(O)C[C@H](O)COc1ccccc1,0.25,poly(3-Hydroxy-4-phenoxybutanoic acid),21.0,,C,C,"('O=C(O)C[C@@H](O)COc1ccccc1', 'O=C(O)C[C@H](O)COc1ccccc1')",[],1,O=C(O)C[C@@H](COc1ccccc1)OC(=O)C[C@H](COc1ccccc1)OC(=O)C[C@H](COc1ccccc1)OC(=O)C[C@@H](COc1ccccc1)OC(=O)C[C@H](COc1ccccc1)OC(=O)C[C@@H](COc1ccccc1)OC(=O)C[C@@H](COc1ccccc1)OC(=O)C[C@H](COc1ccccc1)OC(=O)C[C@H](COc1ccccc1)OC(=O)C[C@H](O)COc1ccccc1,ester
O=C(O)C[C@@H](O)CSc1ccccc1.O=C(O)C[C@H](O)CSc1ccccc1,0.13,poly(4-(phenylthio)methylene-_-propiolactone),13.5,,C,C,"('O=C(O)C[C@@H](O)CSc1ccccc1', 'O=C(O)C[C@H](O)CSc1ccccc1')",[],1,O=C(O)C[C@H](CSc1ccccc1)OC(=O)C[C@@H](CSc1ccccc1)OC(=O)C[C@H](CSc1ccccc1)OC(=O)C[C@@H](CSc1ccccc1)OC(=O)C[C@@H](CSc1ccccc1)OC(=O)C[C@H](CSc1ccccc1)OC(=O)C[C@H](CSc1ccccc1)OC(=O)C[C@@H](CSc1ccccc1)OC(=O)C[C@H](CSc1ccccc1)OC(=O)C[C@H](O)CSc1ccccc1,ester
O=C(O)[C@@H]1CCCC[C@H]1CO.O=C(O)[C@H]1CCCC[C@@H]1CO,0.92,poly(CBL),44.0,156.0,C,C,"('O=C(O)[C@@H]1CCCC[C@H]1CO', 'O=C(O)[C@H]1CCCC[C@@H]1CO')",[],1,O=C(OCC1CCCCC1C(=O)OCC1CCCCC1C(=O)OCC1CCCCC1C(=O)OCC1CCCCC1C(=O)OC[C@H]1CCCC[C@@H]1C(=O)OC[C@H]1CCCC[C@@H]1C(=O)OC[C@H]1CCCC[C@@H]1C(=O)OC[C@H]1CCCC[C@@H]1C(=O)OC[C@H]1CCCC[C@@H]1C(=O)O)C1CCCCC1CO,ester
O=C(O)[C@@H]1CCCC[C@H]1CO.O=C(O)[C@H]1CCCC[C@@H]1CO,0.88,poly(CBL),43.0,164.0,C,C,"('O=C(O)[C@@H]1CCCC[C@H]1CO', 'O=C(O)[C@H]1CCCC[C@@H]1CO')",[],1,O=C(OCC1CCCCC1C(=O)OCC1CCCCC1C(=O)OCC1CCCCC1C(=O)OCC1CCCCC1C(=O)OC[C@@H]1CCCC[C@H]1C(=O)OC[C@@H]1CCCC[C@H]1C(=O)OC[C@H]1CCCC[C@@H]1C(=O)OC[C@H]1CCCC[C@@H]1C(=O)OC[C@H]1CCCC[C@@H]1C(=O)O)C1CCCCC1CO,ester
O=C(O)[C@@H]1CCCC[C@H]1CO.O=C(O)[C@H]1CCCC[C@@H]1CO,0.89,poly(CBL),44.5,163.0,C,C,"('O=C(O)[C@@H]1CCCC[C@H]1CO', 'O=C(O)[C@H]1CCCC[C@@H]1CO')",[],1,O=C(OCC1CCCCC1C(=O)OCC1CCCCC1C(=O)OCC1CCCCC1C(=O)OCC1CCCCC1C(=O)OC[C@@H]1CCCC[C@H]1C(=O)OC[C@@H]1CCCC[C@H]1C(=O)OC[C@@H]1CCCC[C@H]1C(=O)OC[C@@H]1CCCC[C@H]1C(=O)OC[C@@H]1CCCC[C@H]1C(=O)O)C1CCCCC1CO,ester
O=C(O)[C@@H]1CCCC[C@H]1CO.O=C(O)[C@H]1CCCC[C@@H]1CO,0.91,poly(CBL),41.0,170.0,C,C,"('O=C(O)[C@@H]1CCCC[C@H]1CO', 'O=C(O)[C@H]1CCCC[C@@H]1CO')",[],1,O=C(OCC1CCCCC1C(=O)OCC1CCCCC1C(=O)OCC1CCCCC1C(=O)OCC1CCCCC1C(=O)OC[C@@H]1CCCC[C@H]1C(=O)OC[C@@H]1CCCC[C@H]1C(=O)OC[C@@H]1CCCC[C@H]1C(=O)OC[C@@H]1CCCC[C@H]1C(=O)OC[C@@H]1CCCC[C@H]1C(=O)O)C1CCCCC1CO,ester
O=C(O)C[C@@H](O)COc1ccccc1.O=C(O)C[C@H](O)COc1ccccc1,0.23,poly(3-Hydroxy-4-phenoxybutanoic acid),22.0,,C,C,"('O=C(O)C[C@@H](O)COc1ccccc1', 'O=C(O)C[C@H](O)COc1ccccc1')",[],1,O=C(O)C[C@@H](COc1ccccc1)OC(=O)C[C@H](COc1ccccc1)OC(=O)C[C@@H](COc1ccccc1)OC(=O)C[C@H](COc1ccccc1)OC(=O)C[C@@H](COc1ccccc1)OC(=O)C[C@@H](COc1ccccc1)OC(=O)C[C@H](COc1ccccc1)OC(=O)C[C@H](COc1ccccc1)OC(=O)C[C@H](COc1ccccc1)OC(=O)C[C@H](O)COc1ccccc1,ester
O=C(O)[C@@H](O)Cc1ccccc1.O=C(O)[C@H](O)Cc1ccccc1,0.79,poly(2-Hydroxy-3-phenylpropionic acid),58.0,,C,C,"('O=C(O)[C@@H](O)Cc1ccccc1', 'O=C(O)[C@H](O)Cc1ccccc1')",[],1,O=C(O[C@H](Cc1ccccc1)C(=O)O[C@H](Cc1ccccc1)C(=O)O[C@H](Cc1ccccc1)C(=O)O[C@H](Cc1ccccc1)C(=O)O[C@H](Cc1ccccc1)C(=O)O[C@H](Cc1ccccc1)C(=O)O[C@H](Cc1ccccc1)C(=O)O[C@H](Cc1ccccc1)C(=O)O[C@@H](Cc1ccccc1)C(=O)O)[C@@H](O)Cc1ccccc1,ester
O=C(O)C[C@@H](O)CSc1ccccc1.O=C(O)C[C@H](O)CSc1ccccc1,0.24,poly(4-(phenylthio)methylene-_-propiolactone),8.0,,C,C,"('O=C(O)C[C@@H](O)CSc1ccccc1', 'O=C(O)C[C@H](O)CSc1ccccc1')",[],1,O=C(O)C[C@@H](CSc1ccccc1)OC(=O)C[C@@H](CSc1ccccc1)OC(=O)C[C@H](CSc1ccccc1)OC(=O)C[C@H](CSc1ccccc1)OC(=O)C[C@H](CSc1ccccc1)OC(=O)C[C@@H](CSc1ccccc1)OC(=O)C[C@H](CSc1ccccc1)OC(=O)C[C@@H](CSc1ccccc1)OC(=O)C[C@H](CSc1ccccc1)OC(=O)C[C@H](O)CSc1ccccc1,ester
O=C(O)[C@@H](O)Cc1ccccc1.O=C(O)[C@H](O)Cc1ccccc1,0.95,poly(2-Hydroxy-3-phenylpropionic acid),46.0,,C,C,"('O=C(O)[C@@H](O)Cc1ccccc1', 'O=C(O)[C@H](O)Cc1ccccc1')",[],1,O=C(O[C@@H](Cc1ccccc1)C(=O)O[C@@H](Cc1ccccc1)C(=O)O[C@@H](Cc1ccccc1)C(=O)O[C@@H](Cc1ccccc1)C(=O)O[C@@H](Cc1ccccc1)C(=O)O[C@@H](Cc1ccccc1)C(=O)O[C@@H](Cc1ccccc1)C(=O)O[C@@H](Cc1ccccc1)C(=O)O[C@@H](Cc1ccccc1)C(=O)O)[C@@H](O)Cc1ccccc1,ester
O=C(O)[C@@H](O)Cc1ccccc1.O=C(O)[C@H](O)Cc1ccccc1,0.11,poly(2-Hydroxy-3-phenylpropionic acid),61.0,,C,C,"('O=C(O)[C@@H](O)Cc1ccccc1', 'O=C(O)[C@H](O)Cc1ccccc1')",[],1,O=C(O[C@@H](Cc1ccccc1)C(=O)O[C@H](Cc1ccccc1)C(=O)O[C@@H](Cc1ccccc1)C(=O)O[C@H](Cc1ccccc1)C(=O)O[C@@H](Cc1ccccc1)C(=O)O[C@H](Cc1ccccc1)C(=O)O[C@@H](Cc1ccccc1)C(=O)O[C@H](Cc1ccccc1)C(=O)O[C@@H](Cc1ccccc1)C(=O)O)[C@@H](O)Cc1ccccc1,ester
O=C(O)[C@@H](O)Cc1ccccc1.O=C(O)[C@H](O)Cc1ccccc1,1.0,poly(2-Hydroxy-3-phenylpropionic acid),50.5,,C,C,"('O=C(O)[C@@H](O)Cc1ccccc1', 'O=C(O)[C@H](O)Cc1ccccc1')",[],1,O=C(O[C@H](Cc1ccccc1)C(=O)O[C@H](Cc1ccccc1)C(=O)O[C@H](Cc1ccccc1)C(=O)O[C@H](Cc1ccccc1)C(=O)O[C@H](Cc1ccccc1)C(=O)O[C@H](Cc1ccccc1)C(=O)O[C@H](Cc1ccccc1)C(=O)O[C@H](Cc1ccccc1)C(=O)O[C@H](Cc1ccccc1)C(=O)O)[C@H](O)Cc1ccccc1,ester
O=C(O)[C@@H](O)COCc1ccccc1.O=C(O)[C@H](O)COCc1ccccc1,1.0,poly(3-(Benzyloxy)-2-hydroxypropanoic acid),8.0,,C,C,"('O=C(O)[C@@H](O)COCc1ccccc1', 'O=C(O)[C@H](O)COCc1ccccc1')",[],1,O=C(O[C@H](COCc1ccccc1)C(=O)O[C@H](COCc1ccccc1)C(=O)O[C@H](COCc1ccccc1)C(=O)O[C@H](COCc1ccccc1)C(=O)O[C@H](COCc1ccccc1)C(=O)O[C@H](COCc1ccccc1)C(=O)O[C@H](COCc1ccccc1)C(=O)O[C@H](COCc1ccccc1)C(=O)O[C@H](COCc1ccccc1)C(=O)O)[C@H](O)COCc1ccccc1,ester
O=C(O)[C@@H](O)c1ccccc1.O=C(O)[C@H](O)c1ccccc1,0.09,poly(mandelic acid),74.0,145.0,C,C,"('O=C(O)[C@@H](O)c1ccccc1', 'O=C(O)[C@H](O)c1ccccc1')",[],1,O=C(O[C@H](C(=O)O[C@@H](C(=O)O[C@H](C(=O)O[C@@H](C(=O)O[C@@H](C(=O)O[C@H](C(=O)O[C@@H](C(=O)O[C@H](C(=O)O[C@@H](C(=O)O)c1ccccc1)c1ccccc1)c1ccccc1)c1ccccc1)c1ccccc1)c1ccccc1)c1ccccc1)c1ccccc1)c1ccccc1)[C@@H](O)c1ccccc1,ester
O=C(O)C[C@@H](O)c1ccccc1.O=C(O)C[C@H](O)c1ccccc1,0.252,poly(3-hydroxy-4-phenylbutyrate),36.0,,C,C,"('O=C(O)C[C@@H](O)c1ccccc1', 'O=C(O)C[C@H](O)c1ccccc1')",[],1,O=C(O)C[C@H](OC(=O)C[C@@H](OC(=O)C[C@H](OC(=O)C[C@@H](OC(=O)C[C@@H](OC(=O)C[C@@H](OC(=O)C[C@H](OC(=O)C[C@@H](OC(=O)C[C@H](OC(=O)C[C@H](O)c1ccccc1)c1ccccc1)c1ccccc1)c1ccccc1)c1ccccc1)c1ccccc1)c1ccccc1)c1ccccc1)c1ccccc1)c1ccccc1,ester
O=C(O)C[C@@H](O)c1ccccc1.O=C(O)C[C@H](O)c1ccccc1,0.2,poly(3-hydroxy-4-phenylbutyrate),42.0,,C,C,"('O=C(O)C[C@@H](O)c1ccccc1', 'O=C(O)C[C@H](O)c1ccccc1')",[],1,O=C(O)C[C@H](OC(=O)C[C@@H](OC(=O)C[C@H](OC(=O)C[C@@H](OC(=O)C[C@@H](OC(=O)C[C@H](OC(=O)C[C@@H](OC(=O)C[C@H](OC(=O)C[C@@H](OC(=O)C[C@@H](O)c1ccccc1)c1ccccc1)c1ccccc1)c1ccccc1)c1ccccc1)c1ccccc1)c1ccccc1)c1ccccc1)c1ccccc1)c1ccccc1,ester
O=C(O)[C@@H](O)c1ccccc1.O=C(O)[C@H](O)c1ccccc1,0.18,poly(mandelic acid),76.0,,C,C,"('O=C(O)[C@@H](O)c1ccccc1', 'O=C(O)[C@H](O)c1ccccc1')",[],1,O=C(O)[C@@H](OC(=O)[C@H](OC(=O)[C@@H](OC(=O)[C@H](OC(=O)[C@H](OC(=O)[C@@H](OC(=O)[C@@H](OC(=O)[C@H](OC(=O)[C@@H](OC(=O)[C@H](O)c1ccccc1)c1ccccc1)c1ccccc1)c1ccccc1)c1ccccc1)c1ccccc1)c1ccccc1)c1ccccc1)c1ccccc1)c1ccccc1,ester
O=C(O)C[C@@H](O)c1ccccc1.O=C(O)C[C@H](O)c1ccccc1,0.123,poly(3-hydroxy-4-phenylbutyrate),42.333333333333336,,C,C,"('O=C(O)C[C@@H](O)c1ccccc1', 'O=C(O)C[C@H](O)c1ccccc1')",[],1,O=C(O)C[C@H](OC(=O)C[C@H](OC(=O)C[C@H](OC(=O)C[C@@H](OC(=O)C[C@H](OC(=O)C[C@@H](OC(=O)C[C@H](OC(=O)C[C@@H](OC(=O)C[C@H](OC(=O)C[C@@H](O)c1ccccc1)c1ccccc1)c1ccccc1)c1ccccc1)c1ccccc1)c1ccccc1)c1ccccc1)c1ccccc1)c1ccccc1)c1ccccc1,ester
O=C(O)C[C@@H](O)c1ccccc1.O=C(O)C[C@H](O)c1ccccc1,0.111,poly(3-hydroxy-4-phenylbutyrate),36.0,,C,C,"('O=C(O)C[C@@H](O)c1ccccc1', 'O=C(O)C[C@H](O)c1ccccc1')",[],1,O=C(O)C[C@@H](OC(=O)C[C@H](OC(=O)C[C@@H](OC(=O)C[C@H](OC(=O)C[C@@H](OC(=O)C[C@H](OC(=O)C[C@@H](OC(=O)C[C@@H](OC(=O)C[C@H](OC(=O)C[C@@H](O)c1ccccc1)c1ccccc1)c1ccccc1)c1ccccc1)c1ccccc1)c1ccccc1)c1ccccc1)c1ccccc1)c1ccccc1)c1ccccc1,ester
O=C(O)C[C@@H](O)CSc1ccccc1.O=C(O)C[C@H](O)CSc1ccccc1,0.16,poly(4-(phenylthio)methylene-_-propiolactone),12.0,,C,C,"('O=C(O)C[C@@H](O)CSc1ccccc1', 'O=C(O)C[C@H](O)CSc1ccccc1')",[],1,O=C(O)C[C@@H](CSc1ccccc1)OC(=O)C[C@H](CSc1ccccc1)OC(=O)C[C@H](CSc1ccccc1)OC(=O)C[C@@H](CSc1ccccc1)OC(=O)C[C@H](CSc1ccccc1)OC(=O)C[C@@H](CSc1ccccc1)OC(=O)C[C@H](CSc1ccccc1)OC(=O)C[C@@H](CSc1ccccc1)OC(=O)C[C@@H](CSc1ccccc1)OC(=O)C[C@@H](O)CSc1ccccc1,ester
O=C(O)[C@@H](O)c1ccccc1.O=C(O)[C@H](O)c1ccccc1,1.0,poly(mandelic acid),91.0,146.0,C,C,"('O=C(O)[C@@H](O)c1ccccc1', 'O=C(O)[C@H](O)c1ccccc1')",[],1,O=C(O[C@@H](C(=O)O[C@@H](C(=O)O[C@@H](C(=O)O[C@@H](C(=O)O[C@@H](C(=O)O[C@@H](C(=O)O[C@@H](C(=O)O[C@@H](C(=O)O[C@@H](C(=O)O)c1ccccc1)c1ccccc1)c1ccccc1)c1ccccc1)c1ccccc1)c1ccccc1)c1ccccc1)c1ccccc1)c1ccccc1)[C@H](O)c1ccccc1,ester
O=C(O)C[C@@H](O)c1ccccc1.O=C(O)C[C@H](O)c1ccccc1,0.089,poly(3-hydroxy-4-phenylbutyrate),40.0,,C,C,"('O=C(O)C[C@@H](O)c1ccccc1', 'O=C(O)C[C@H](O)c1ccccc1')",[],1,O=C(O)C[C@H](OC(=O)C[C@@H](OC(=O)C[C@H](OC(=O)C[C@@H](OC(=O)C[C@H](OC(=O)C[C@@H](OC(=O)C[C@H](OC(=O)C[C@H](OC(=O)C[C@@H](OC(=O)C[C@H](O)c1ccccc1)c1ccccc1)c1ccccc1)c1ccccc1)c1ccccc1)c1ccccc1)c1ccccc1)c1ccccc1)c1ccccc1)c1ccccc1,ester
O=C(O)C[C@@H](O)c1ccccc1.O=C(O)C[C@H](O)c1ccccc1,0.057,poly(3-hydroxy-4-phenylbutyrate),42.0,,C,C,"('O=C(O)C[C@@H](O)c1ccccc1', 'O=C(O)C[C@H](O)c1ccccc1')",[],1,O=C(O)C[C@H](OC(=O)C[C@@H](OC(=O)C[C@H](OC(=O)C[C@@H](OC(=O)C[C@H](OC(=O)C[C@@H](OC(=O)C[C@H](OC(=O)C[C@@H](OC(=O)C[C@H](OC(=O)C[C@H](O)c1ccccc1)c1ccccc1)c1ccccc1)c1ccccc1)c1ccccc1)c1ccccc1)c1ccccc1)c1ccccc1)c1ccccc1)c1ccccc1,ester
O=C(O)[C@@H]1CCCC[C@H]1CO.O=C(O)[C@H]1CCCC[C@@H]1CO,0.3,poly(CBL),48.0,,C,C,"('O=C(O)[C@@H]1CCCC[C@H]1CO', 'O=C(O)[C@H]1CCCC[C@@H]1CO')",[],1,O=C(OCC1CCCCC1C(=O)OCC1CCCCC1C(=O)OCC1CCCCC1C(=O)OCC1CCCCC1C(=O)OC[C@@H]1CCCC[C@H]1C(=O)OC[C@H]1CCCC[C@@H]1C(=O)OC[C@@H]1CCCC[C@@H]1C(=O)OC[C@@H]1CCCC[C@H]1C(=O)OC[C@H]1CCCC[C@H]1C(=O)O)C1CCCCC1CO,ester
O=C(O)C[C@@H](O)c1ccccc1.O=C(O)C[C@H](O)c1ccccc1,0.041,poly(3-hydroxy-4-phenylbutyrate),41.0,,C,C,"('O=C(O)C[C@@H](O)c1ccccc1', 'O=C(O)C[C@H](O)c1ccccc1')",[],1,O=C(O)C[C@H](OC(=O)C[C@H](OC(=O)C[C@@H](OC(=O)C[C@H](OC(=O)C[C@@H](OC(=O)C[C@H](OC(=O)C[C@@H](OC(=O)C[C@H](OC(=O)C[C@@H](OC(=O)C[C@H](O)c1ccccc1)c1ccccc1)c1ccccc1)c1ccccc1)c1ccccc1)c1ccccc1)c1ccccc1)c1ccccc1)c1ccccc1)c1ccccc1,ester
O=C(O)C[C@@H](O)CSc1ccccc1.O=C(O)C[C@H](O)CSc1ccccc1,1.0,poly(4-(phenylthio)methylene-_-propiolactone),13.0,,C,C,"('O=C(O)C[C@@H](O)CSc1ccccc1', 'O=C(O)C[C@H](O)CSc1ccccc1')",[],1,O=C(O)C[C@@H](CSc1ccccc1)OC(=O)C[C@@H](CSc1ccccc1)OC(=O)C[C@@H](CSc1ccccc1)OC(=O)C[C@@H](CSc1ccccc1)OC(=O)C[C@@H](CSc1ccccc1)OC(=O)C[C@@H](CSc1ccccc1)OC(=O)C[C@@H](CSc1ccccc1)OC(=O)C[C@@H](CSc1ccccc1)OC(=O)C[C@@H](CSc1ccccc1)OC(=O)C[C@H](O)CSc1ccccc1,ester
O=C(O)[C@@H]1CCCC[C@H]1CO.O=C(O)[C@H]1CCCC[C@@H]1CO,0.32,poly(CBL),45.0,,C,C,"('O=C(O)[C@@H]1CCCC[C@H]1CO', 'O=C(O)[C@H]1CCCC[C@@H]1CO')",[],1,O=C(OCC1CCCCC1C(=O)OCC1CCCCC1C(=O)OCC1CCCCC1C(=O)OCC1CCCCC1C(=O)OC[C@@H]1CCCC[C@@H]1C(=O)OC[C@@H]1CCCC[C@H]1C(=O)OC[C@H]1CCCC[C@H]1C(=O)OC[C@@H]1CCCC[C@@H]1C(=O)OC[C@H]1CCCC[C@H]1C(=O)O)C1CCCCC1CO,ester
O=C(O)[C@@H]1CCCC[C@H]1CO.O=C(O)[C@H]1CCCC[C@@H]1CO,0.35,poly(CBL),47.0,,C,C,"('O=C(O)[C@@H]1CCCC[C@H]1CO', 'O=C(O)[C@H]1CCCC[C@@H]1CO')",[],1,O=C(OCC1CCCCC1C(=O)OCC1CCCCC1C(=O)OCC1CCCCC1C(=O)OCC1CCCCC1C(=O)OC[C@@H]1CCCC[C@H]1C(=O)OC[C@H]1CCCC[C@@H]1C(=O)OC[C@H]1CCCC[C@H]1C(=O)OC[C@H]1CCCC[C@H]1C(=O)OC[C@@H]1CCCC[C@@H]1C(=O)O)C1CCCCC1CO,ester
O=C(O)C[C@@H](O)CSc1ccccc1.O=C(O)C[C@H](O)CSc1ccccc1,0.26,poly(4-(phenylthio)methylene-_-propiolactone),9.0,,C,C,"('O=C(O)C[C@@H](O)CSc1ccccc1', 'O=C(O)C[C@H](O)CSc1ccccc1')",[],1,O=C(O)C[C@@H](CSc1ccccc1)OC(=O)C[C@H](CSc1ccccc1)OC(=O)C[C@@H](CSc1ccccc1)OC(=O)C[C@H](CSc1ccccc1)OC(=O)C[C@@H](CSc1ccccc1)OC(=O)C[C@@H](CSc1ccccc1)OC(=O)C[C@H](CSc1ccccc1)OC(=O)C[C@H](CSc1ccccc1)OC(=O)C[C@@H](CSc1ccccc1)OC(=O)C[C@H](O)CSc1ccccc1,ester
O=C(O)[C@@H]1CCCC[C@H]1CO.O=C(O)[C@H]1CCCC[C@@H]1CO,0.77,poly(CBL),49.0,171.0,C,C,"('O=C(O)[C@@H]1CCCC[C@H]1CO', 'O=C(O)[C@H]1CCCC[C@@H]1CO')",[],1,O=C(OCC1CCCCC1C(=O)OCC1CCCCC1C(=O)OCC1CCCCC1C(=O)OCC1CCCCC1C(=O)OC[C@H]1CCCC[C@@H]1C(=O)OC[C@H]1CCCC[C@@H]1C(=O)OC[C@@H]1CCCC[C@H]1C(=O)OC[C@@H]1CCCC[C@@H]1C(=O)OC[C@H]1CCCC[C@@H]1C(=O)O)C1CCCCC1CO,ester
O=C(O)[C@@H]1CCCC[C@H]1CO.O=C(O)[C@H]1CCCC[C@@H]1CO,0.82,poly(CBL),47.0,142.0,C,C,"('O=C(O)[C@@H]1CCCC[C@H]1CO', 'O=C(O)[C@H]1CCCC[C@@H]1CO')",[],1,O=C(OCC1CCCCC1C(=O)OCC1CCCCC1C(=O)OCC1CCCCC1C(=O)OCC1CCCCC1C(=O)OC[C@H]1CCCC[C@@H]1C(=O)OC[C@H]1CCCC[C@@H]1C(=O)OC[C@H]1CCCC[C@@H]1C(=O)OC[C@H]1CCCC[C@H]1C(=O)OC[C@@H]1CCCC[C@H]1C(=O)O)C1CCCCC1CO,ester
O=C(O)[C@@H]1CCCC[C@H]1CO.O=C(O)[C@H]1CCCC[C@@H]1CO,0.25,poly(CBL),48.0,,C,C,"('O=C(O)[C@@H]1CCCC[C@H]1CO', 'O=C(O)[C@H]1CCCC[C@@H]1CO')",[],1,O=C(OCC1CCCCC1C(=O)OCC1CCCCC1C(=O)OCC1CCCCC1C(=O)OCC1CCCCC1C(=O)OC[C@H]1CCCC[C@H]1C(=O)OC[C@H]1CCCC[C@H]1C(=O)OC[C@H]1CCCC[C@H]1C(=O)OC[C@H]1CCCC[C@@H]1C(=O)OC[C@H]1CCCC[C@@H]1C(=O)O)C1CCCCC1CO,ester
O=C(O)C[C@@H](O)CSc1ccccc1.O=C(O)C[C@H](O)CSc1ccccc1,0.27,poly(4-(phenylthio)methylene-_-propiolactone),9.0,,C,C,"('O=C(O)C[C@@H](O)CSc1ccccc1', 'O=C(O)C[C@H](O)CSc1ccccc1')",[],1,O=C(O)C[C@@H](CSc1ccccc1)OC(=O)C[C@@H](CSc1ccccc1)OC(=O)C[C@H](CSc1ccccc1)OC(=O)C[C@@H](CSc1ccccc1)OC(=O)C[C@H](CSc1ccccc1)OC(=O)C[C@H](CSc1ccccc1)OC(=O)C[C@@H](CSc1ccccc1)OC(=O)C[C@H](CSc1ccccc1)OC(=O)C[C@@H](CSc1ccccc1)OC(=O)C[C@H](O)CSc1ccccc1,ester
O=C(C[C@@H](O)C(=O)O)OCc1ccccc1.O=C(C[C@H](O)C(=O)O)OCc1ccccc1,0.22,poly(alpha-Benzylmalic acid),6.0,,C,C,"('O=C(C[C@@H](O)C(=O)O)OCc1ccccc1', 'O=C(C[C@H](O)C(=O)O)OCc1ccccc1')",[],1,O=C(C[C@H](OC(=O)[C@H](CC(=O)OCc1ccccc1)OC(=O)[C@@H](CC(=O)OCc1ccccc1)OC(=O)[C@H](CC(=O)OCc1ccccc1)OC(=O)[C@@H](CC(=O)OCc1ccccc1)OC(=O)[C@@H](CC(=O)OCc1ccccc1)OC(=O)[C@H](CC(=O)OCc1ccccc1)OC(=O)[C@@H](CC(=O)OCc1ccccc1)OC(=O)[C@H](CC(=O)OCc1ccccc1)OC(=O)[C@H](O)CC(=O)OCc1ccccc1)C(=O)O)OCc1ccccc1,ester
O=C(O)C[C@@H](O)COc1ccccc1.O=C(O)C[C@H](O)COc1ccccc1,0.16,poly(3-Hydroxy-4-phenoxybutanoic acid),38.0,,C,C,"('O=C(O)C[C@@H](O)COc1ccccc1', 'O=C(O)C[C@H](O)COc1ccccc1')",[],1,O=C(O)C[C@H](COc1ccccc1)OC(=O)C[C@@H](COc1ccccc1)OC(=O)C[C@H](COc1ccccc1)OC(=O)C[C@H](COc1ccccc1)OC(=O)C[C@@H](COc1ccccc1)OC(=O)C[C@H](COc1ccccc1)OC(=O)C[C@@H](COc1ccccc1)OC(=O)C[C@@H](COc1ccccc1)OC(=O)C[C@H](COc1ccccc1)OC(=O)C[C@H](O)COc1ccccc1,ester
COC(=O)[C@@H](O)CC(=O)O.COC(=O)[C@H](O)CC(=O)O,0.58,poly(methyl 4-oxo-2-oxetanecarboxylate),37.0,,C,C,"('COC(=O)[C@@H](O)CC(=O)O', 'COC(=O)[C@H](O)CC(=O)O')",[],1,COC(=O)[C@H](CC(=O)O)OC(=O)C[C@@H](OC(=O)C[C@H](OC(=O)C[C@@H](OC(=O)C[C@@H](OC(=O)C[C@@H](OC(=O)C[C@@H](OC(=O)C[C@@H](OC(=O)C[C@@H](OC(=O)C[C@@H](O)C(=O)OC)C(=O)OC)C(=O)OC)C(=O)OC)C(=O)OC)C(=O)OC)C(=O)OC)C(=O)OC)C(=O)OC,ester
C[C@@H](O)C(=O)O.C[C@H](O)C(=O)O,0.02,poly(lactic acid),34.0,151.0,C,C,"('C[C@@H](O)C(=O)O', 'C[C@H](O)C(=O)O')",[],1,C[C@H](O)C(=O)O[C@@H](C)C(=O)O[C@H](C)C(=O)O[C@@H](C)C(=O)O[C@H](C)C(=O)O[C@@H](C)C(=O)O[C@H](C)C(=O)O[C@@H](C)C(=O)O[C@H](C)C(=O)O[C@@H](C)C(=O)O,ester
C[C@@H](O)C(=O)O.C[C@H](O)C(=O)O,0.05,poly(lactic acid),46.0,120.0,C,C,"('C[C@@H](O)C(=O)O', 'C[C@H](O)C(=O)O')",[],1,C[C@H](O)C(=O)O[C@H](C)C(=O)O[C@@H](C)C(=O)O[C@H](C)C(=O)O[C@@H](C)C(=O)O[C@H](C)C(=O)O[C@@H](C)C(=O)O[C@H](C)C(=O)O[C@H](C)C(=O)O[C@@H](C)C(=O)O,ester
C[C@@H](O)C(=O)O.C[C@H](O)C(=O)O,0.07,poly(lactic acid),30.8,,C,C,"('C[C@@H](O)C(=O)O', 'C[C@H](O)C(=O)O')",[],1,C[C@H](O)C(=O)O[C@H](C)C(=O)O[C@@H](C)C(=O)O[C@H](C)C(=O)O[C@@H](C)C(=O)O[C@@H](C)C(=O)O[C@H](C)C(=O)O[C@@H](C)C(=O)O[C@H](C)C(=O)O[C@@H](C)C(=O)O,ester
C[C@@H](O)C(=O)O.C[C@H](O)C(=O)O,0.11,poly(lactic acid),50.0,,C,C,"('C[C@@H](O)C(=O)O', 'C[C@H](O)C(=O)O')",[],1,C[C@H](O)C(=O)O[C@@H](C)C(=O)O[C@H](C)C(=O)O[C@@H](C)C(=O)O[C@H](C)C(=O)O[C@@H](C)C(=O)O[C@H](C)C(=O)O[C@@H](C)C(=O)O[C@H](C)C(=O)O[C@@H](C)C(=O)O,ester
C[C@@H](O)C(=O)O.C[C@H](O)C(=O)O,0.24,poly(lactic acid),39.0,,C,C,"('C[C@@H](O)C(=O)O', 'C[C@H](O)C(=O)O')",[],1,C[C@H](OC(=O)[C@H](C)OC(=O)[C@@H](C)OC(=O)[C@H](C)OC(=O)[C@@H](C)OC(=O)[C@H](C)OC(=O)[C@@H](C)O)C(=O)O[C@H](C)C(=O)O[C@H](C)C(=O)O[C@H](C)C(=O)O,ester
C[C@@H](O)C(=O)O.C[C@H](O)C(=O)O,0.76,poly(lactic acid),,142.0,C,C,"('C[C@@H](O)C(=O)O', 'C[C@H](O)C(=O)O')",[],1,C[C@H](OC(=O)[C@H](C)OC(=O)[C@H](C)OC(=O)[C@H](C)OC(=O)[C@@H](C)OC(=O)[C@@H](C)OC(=O)[C@@H](C)O)C(=O)O[C@@H](C)C(=O)O[C@@H](C)C(=O)O[C@H](C)C(=O)O,ester
C[C@@H](O)C(=O)O.C[C@H](O)C(=O)O,0.77,poly(lactic acid),,146.0,C,C,"('C[C@@H](O)C(=O)O', 'C[C@H](O)C(=O)O')",[],1,C[C@H](O)C(=O)O[C@@H](C)C(=O)O[C@@H](C)C(=O)O[C@H](C)C(=O)O[C@H](C)C(=O)O[C@H](C)C(=O)O[C@@H](C)C(=O)O[C@@H](C)C(=O)O[C@@H](C)C(=O)O[C@@H](C)C(=O)O,ester
C[C@@H](O)C(=O)O.C[C@H](O)C(=O)O,0.78,poly(lactic acid),,150.0,C,C,"('C[C@@H](O)C(=O)O', 'C[C@H](O)C(=O)O')",[],1,C[C@H](OC(=O)[C@H](C)OC(=O)[C@H](C)OC(=O)[C@H](C)OC(=O)[C@@H](C)OC(=O)[C@@H](C)OC(=O)[C@@H](C)OC(=O)[C@@H](C)OC(=O)[C@@H](C)OC(=O)[C@@H](C)O)C(=O)O,ester
C[C@@H](O)C(=O)O.C[C@H](O)C(=O)O,0.79,poly(lactic acid),,163.0,C,C,"('C[C@@H](O)C(=O)O', 'C[C@H](O)C(=O)O')",[],1,C[C@H](OC(=O)[C@H](C)OC(=O)[C@H](C)OC(=O)[C@H](C)OC(=O)[C@H](C)OC(=O)[C@H](C)OC(=O)[C@@H](C)OC(=O)[C@@H](C)OC(=O)[C@@H](C)OC(=O)[C@@H](C)O)C(=O)O,ester
C[C@@H](O)C(=O)O.C[C@H](O)C(=O)O,0.82,poly(lactic acid),,165.75,C,C,"('C[C@@H](O)C(=O)O', 'C[C@H](O)C(=O)O')",[],1,C[C@H](OC(=O)[C@@H](C)OC(=O)[C@@H](C)OC(=O)[C@@H](C)OC(=O)[C@@H](C)OC(=O)[C@@H](C)OC(=O)[C@@H](C)OC(=O)[C@@H](C)OC(=O)[C@@H](C)OC(=O)[C@@H](C)O)C(=O)O,ester
C[C@@H](O)C(=O)O.C[C@H](O)C(=O)O,0.83,poly(lactic acid),,169.5,C,C,"('C[C@@H](O)C(=O)O', 'C[C@H](O)C(=O)O')",[],1,C[C@H](OC(=O)[C@H](C)OC(=O)[C@H](C)OC(=O)[C@H](C)OC(=O)[C@H](C)OC(=O)[C@@H](C)OC(=O)[C@@H](C)OC(=O)[C@@H](C)OC(=O)[C@@H](C)OC(=O)[C@@H](C)O)C(=O)O,ester
C[C@@H](O)C(=O)O.C[C@H](O)C(=O)O,0.84,poly(lactic acid),,173.5,C,C,"('C[C@@H](O)C(=O)O', 'C[C@H](O)C(=O)O')",[],1,C[C@H](O)C(=O)O[C@H](C)C(=O)O[C@H](C)C(=O)O[C@H](C)C(=O)O[C@H](C)C(=O)O[C@H](C)C(=O)O[C@H](C)C(=O)O[C@H](C)C(=O)O[C@H](C)C(=O)O[C@H](C)C(=O)O,ester
C[C@@H](O)C(=O)O.C[C@H](O)C(=O)O,0.842614977,poly(lactic acid),46.2,,C,C,"('C[C@@H](O)C(=O)O', 'C[C@H](O)C(=O)O')",[],1,C[C@H](OC(=O)[C@H](C)OC(=O)[C@H](C)OC(=O)[C@H](C)OC(=O)[C@H](C)OC(=O)[C@H](C)OC(=O)[C@H](C)OC(=O)[C@H](C)OC(=O)[C@@H](C)OC(=O)[C@@H](C)O)C(=O)O,ester
C[C@@H](O)C(=O)O.C[C@H](O)C(=O)O,0.85,poly(lactic acid),,171.0,C,C,"('C[C@@H](O)C(=O)O', 'C[C@H](O)C(=O)O')",[],1,C[C@H](OC(=O)[C@H](C)OC(=O)[C@H](C)OC(=O)[C@H](C)OC(=O)[C@H](C)OC(=O)[C@H](C)OC(=O)[C@@H](C)OC(=O)[C@@H](C)OC(=O)[C@@H](C)OC(=O)[C@@H](C)O)C(=O)O,ester
COC(=O)[C@@H](O)CC(=O)O.COC(=O)[C@H](O)CC(=O)O,0.24,poly(methyl 4-oxo-2-oxetanecarboxylate),41.0,110.0,C,C,"('COC(=O)[C@@H](O)CC(=O)O', 'COC(=O)[C@H](O)CC(=O)O')",[],1,COC(=O)[C@@H](O)CC(=O)O[C@@H](CC(=O)O[C@H](CC(=O)O[C@@H](CC(=O)O[C@@H](CC(=O)O[C@H](CC(=O)O[C@@H](CC(=O)O[C@H](CC(=O)O[C@H](CC(=O)O[C@@H](CC(=O)O)C(=O)OC)C(=O)OC)C(=O)OC)C(=O)OC)C(=O)OC)C(=O)OC)C(=O)OC)C(=O)OC)C(=O)OC,ester
C[C@@H](O)C(=O)O.C[C@H](O)C(=O)O,0.86,poly(lactic acid),,185.0,C,C,"('C[C@@H](O)C(=O)O', 'C[C@H](O)C(=O)O')",[],1,C[C@H](OC(=O)[C@H](C)OC(=O)[C@H](C)OC(=O)[C@H](C)OC(=O)[C@H](C)OC(=O)[C@H](C)OC(=O)[C@H](C)OC(=O)[C@H](C)OC(=O)[C@@H](C)OC(=O)[C@@H](C)O)C(=O)O,ester
COC(=O)[C@@H](O)CC(=O)O.COC(=O)[C@H](O)CC(=O)O,0.23,poly(methyl 4-oxo-2-oxetanecarboxylate),40.0,112.0,C,C,"('COC(=O)[C@@H](O)CC(=O)O', 'COC(=O)[C@H](O)CC(=O)O')",[],1,COC(=O)[C@H](CC(=O)O[C@@H](CC(=O)O[C@H](CC(=O)O[C@@H](CC(=O)O[C@H](CC(=O)O)C(=O)OC)C(=O)OC)C(=O)OC)C(=O)OC)OC(=O)C[C@H](OC(=O)C[C@@H](OC(=O)C[C@H](OC(=O)C[C@H](OC(=O)C[C@@H](O)C(=O)OC)C(=O)OC)C(=O)OC)C(=O)OC)C(=O)OC,ester
COC(=O)[C@@H](O)CC(=O)O.COC(=O)[C@H](O)CC(=O)O,0.11,poly(methyl 4-oxo-2-oxetanecarboxylate),,207.0,C,C,"('COC(=O)[C@@H](O)CC(=O)O', 'COC(=O)[C@H](O)CC(=O)O')",[],1,COC(=O)[C@H](CC(=O)O[C@@H](CC(=O)O[C@H](CC(=O)O[C@@H](CC(=O)O[C@H](CC(=O)O)C(=O)OC)C(=O)OC)C(=O)OC)C(=O)OC)OC(=O)C[C@@H](OC(=O)C[C@H](OC(=O)C[C@@H](OC(=O)C[C@H](OC(=O)C[C@@H](O)C(=O)OC)C(=O)OC)C(=O)OC)C(=O)OC)C(=O)OC,ester
C=C(C(=O)O)[C@@H](C)O.C=C(C(=O)O)[C@H](C)O,0.71,poly(3-hydroxy-2-methylenebutanoic acid),,80.5,C,C,"('C=C(C(=O)O)[C@@H](C)O', 'C=C(C(=O)O)[C@H](C)O')",[],1,C=C(C(=O)O[C@H](C)C(=C)C(=O)O[C@H](C)C(=C)C(=O)O[C@H](C)C(=C)C(=O)O)[C@H](C)OC(=O)C(=C)[C@@H](C)OC(=O)C(=C)[C@@H](C)OC(=O)C(=C)[C@@H](C)OC(=O)C(=C)[C@@H](C)OC(=O)C(=C)[C@@H](C)OC(=O)C(=C)[C@@H](C)O,ester
C=C(C(=O)O)[C@@H](C)O.C=C(C(=O)O)[C@H](C)O,0.79,poly(3-hydroxy-2-methylenebutanoic acid),,109.2,C,C,"('C=C(C(=O)O)[C@@H](C)O', 'C=C(C(=O)O)[C@H](C)O')",[],1,C=C(C(=O)O[C@@H](C)C(=C)C(=O)O[C@@H](C)C(=C)C(=O)O[C@@H](C)C(=C)C(=O)O[C@H](C)C(=C)C(=O)O)[C@H](C)OC(=O)C(=C)[C@H](C)OC(=O)C(=C)[C@H](C)OC(=O)C(=C)[C@H](C)OC(=O)C(=C)[C@H](C)OC(=O)C(=C)[C@@H](C)O,ester
C=C(C(=O)O)[C@@H](C)O.C=C(C(=O)O)[C@H](C)O,0.91,poly(3-hydroxy-2-methylenebutanoic acid),18.7,102.8,C,C,"('C=C(C(=O)O)[C@@H](C)O', 'C=C(C(=O)O)[C@H](C)O')",[],1,C=C(C(=O)O[C@H](C)C(=C)C(=O)O[C@H](C)C(=C)C(=O)O[C@H](C)C(=C)C(=O)O[C@H](C)C(=C)C(=O)O[C@H](C)C(=C)C(=O)O[C@H](C)C(=C)C(=O)O[C@H](C)C(=C)C(=O)O[C@H](C)C(=C)C(=O)O[C@H](C)C(=C)C(=O)O)[C@@H](C)O,ester
C=CCOC(=O)[C@@H](O)CC(=O)O.C=CCOC(=O)[C@H](O)CC(=O)O,0.05,poly(Allyl 4-oxo-2-oxetanecarboxylate),,109.5,C,C,"('C=CCOC(=O)[C@@H](O)CC(=O)O', 'C=CCOC(=O)[C@H](O)CC(=O)O')",[],1,C=CCOC(=O)[C@H](CC(=O)O)OC(=O)C[C@@H](OC(=O)C[C@H](OC(=O)C[C@@H](OC(=O)C[C@H](OC(=O)C[C@@H](OC(=O)C[C@H](OC(=O)C[C@@H](OC(=O)C[C@H](OC(=O)C[C@@H](O)C(=O)OCC=C)C(=O)OCC=C)C(=O)OCC=C)C(=O)OCC=C)C(=O)OCC=C)C(=O)OCC=C)C(=O)OCC=C)C(=O)OCC=C)C(=O)OCC=C,ester
C=CCOC(=O)[C@@H](O)CC(=O)O.C=CCOC(=O)[C@H](O)CC(=O)O,0.13,poly(Allyl 4-oxo-2-oxetanecarboxylate),,80.0,C,C,"('C=CCOC(=O)[C@@H](O)CC(=O)O', 'C=CCOC(=O)[C@H](O)CC(=O)O')",[],1,C=CCOC(=O)[C@@H](O)CC(=O)O[C@H](CC(=O)O[C@@H](CC(=O)O[C@H](CC(=O)O[C@@H](CC(=O)O[C@@H](CC(=O)O[C@@H](CC(=O)O[C@H](CC(=O)O[C@@H](CC(=O)O[C@H](CC(=O)O)C(=O)OCC=C)C(=O)OCC=C)C(=O)OCC=C)C(=O)OCC=C)C(=O)OCC=C)C(=O)OCC=C)C(=O)OCC=C)C(=O)OCC=C)C(=O)OCC=C,ester
C=CCOC(=O)[C@@H](O)CC(=O)O.C=CCOC(=O)[C@H](O)CC(=O)O,0.18,poly(Allyl 4-oxo-2-oxetanecarboxylate),,51.0,C,C,"('C=CCOC(=O)[C@@H](O)CC(=O)O', 'C=CCOC(=O)[C@H](O)CC(=O)O')",[],1,C=CCOC(=O)[C@H](CC(=O)O)OC(=O)C[C@@H](OC(=O)C[C@H](OC(=O)C[C@@H](OC(=O)C[C@H](OC(=O)C[C@@H](OC(=O)C[C@@H](OC(=O)C[C@H](OC(=O)C[C@@H](OC(=O)C[C@@H](O)C(=O)OCC=C)C(=O)OCC=C)C(=O)OCC=C)C(=O)OCC=C)C(=O)OCC=C)C(=O)OCC=C)C(=O)OCC=C)C(=O)OCC=C)C(=O)OCC=C,ester
C=CCOC(=O)[C@@H](O)CC(=O)O.C=CCOC(=O)[C@H](O)CC(=O)O,0.19,poly(Allyl 4-oxo-2-oxetanecarboxylate),,49.0,C,C,"('C=CCOC(=O)[C@@H](O)CC(=O)O', 'C=CCOC(=O)[C@H](O)CC(=O)O')",[],1,C=CCOC(=O)[C@@H](O)CC(=O)O[C@H](CC(=O)O[C@@H](CC(=O)O[C@@H](CC(=O)O[C@H](CC(=O)O[C@@H](CC(=O)O[C@@H](CC(=O)O[C@H](CC(=O)O[C@@H](CC(=O)O[C@H](CC(=O)O)C(=O)OCC=C)C(=O)OCC=C)C(=O)OCC=C)C(=O)OCC=C)C(=O)OCC=C)C(=O)OCC=C)C(=O)OCC=C)C(=O)OCC=C)C(=O)OCC=C,ester
CCCC[C@@H](O)CC(=O)O.CCCC[C@H](O)CC(=O)O,0.85,poly(3-hydroxyheptanoic acid),-30.8,,C,C,"('CCCC[C@@H](O)CC(=O)O', 'CCCC[C@H](O)CC(=O)O')",[],1,CCCC[C@H](O)CC(=O)O[C@@H](CCCC)CC(=O)O[C@@H](CCCC)CC(=O)O[C@H](CCCC)CC(=O)O[C@H](CCCC)CC(=O)O[C@H](CCCC)CC(=O)O[C@H](CCCC)CC(=O)O[C@H](CCCC)CC(=O)O[C@H](CCCC)CC(=O)O[C@H](CCCC)CC(=O)O,ester
CCCC[C@@H](O)CC(=O)O.CCCC[C@H](O)CC(=O)O,0.97,poly(3-hydroxyheptanoic acid),-30.15,,C,C,"('CCCC[C@@H](O)CC(=O)O', 'CCCC[C@H](O)CC(=O)O')",[],1,CCCC[C@@H](O)CC(=O)O[C@H](CCCC)CC(=O)O[C@H](CCCC)CC(=O)O[C@H](CCCC)CC(=O)O[C@H](CCCC)CC(=O)O[C@H](CCCC)CC(=O)O[C@H](CCCC)CC(=O)O[C@H](CCCC)CC(=O)O[C@H](CCCC)CC(=O)O[C@H](CCCC)CC(=O)O,ester
CC[C@@H](O)C(=O)O.CC[C@H](O)C(=O)O,1.0,poly(2-hydroxybutanoic acid),,108.0,C,C,"('CC[C@@H](O)C(=O)O', 'CC[C@H](O)C(=O)O')",[],1,CC[C@@H](O)C(=O)O[C@H](CC)C(=O)O[C@H](CC)C(=O)O[C@H](CC)C(=O)O[C@H](CC)C(=O)O[C@H](CC)C(=O)O[C@H](CC)C(=O)O[C@H](CC)C(=O)O[C@H](CC)C(=O)O[C@H](CC)C(=O)O,ester
CC[C@@H](O)CC(=O)O.CC[C@H](O)CC(=O)O,0.86,poly(3-hydroxyvaleric acid),-14.9,,C,C,"('CC[C@@H](O)CC(=O)O', 'CC[C@H](O)CC(=O)O')",[],1,CC[C@H](O)CC(=O)O[C@@H](CC)CC(=O)O[C@@H](CC)CC(=O)O[C@H](CC)CC(=O)O[C@H](CC)CC(=O)O[C@H](CC)CC(=O)O[C@H](CC)CC(=O)O[C@H](CC)CC(=O)O[C@H](CC)CC(=O)O[C@H](CC)CC(=O)O,ester
CC[C@@H](O)CC(=O)O.CC[C@H](O)CC(=O)O,0.9,poly(3-hydroxyvaleric acid),-15.5,,C,C,"('CC[C@@H](O)CC(=O)O', 'CC[C@H](O)CC(=O)O')",[],1,CC[C@H](O)CC(=O)O[C@@H](CC)CC(=O)O[C@@H](CC)CC(=O)O[C@@H](CC)CC(=O)O[C@@H](CC)CC(=O)O[C@@H](CC)CC(=O)O[C@@H](CC)CC(=O)O[C@@H](CC)CC(=O)O[C@@H](CC)CC(=O)O[C@@H](CC)CC(=O)O,ester
CC[C@@H](O)CC(=O)O.CC[C@H](O)CC(=O)O,0.91,poly(3-hydroxyvaleric acid),-15.35,,C,C,"('CC[C@@H](O)CC(=O)O', 'CC[C@H](O)CC(=O)O')",[],1,CC[C@@H](O)CC(=O)O[C@H](CC)CC(=O)O[C@H](CC)CC(=O)O[C@H](CC)CC(=O)O[C@H](CC)CC(=O)O[C@H](CC)CC(=O)O[C@H](CC)CC(=O)O[C@H](CC)CC(=O)O[C@H](CC)CC(=O)O[C@H](CC)CC(=O)O,ester
CC[C@@H](O)CC(=O)O.CC[C@H](O)CC(=O)O,0.96,poly(3-hydroxyvaleric acid),-17.466666666666665,108.0,C,C,"('CC[C@@H](O)CC(=O)O', 'CC[C@H](O)CC(=O)O')",[],1,CC[C@@H](O)CC(=O)O[C@H](CC)CC(=O)O[C@H](CC)CC(=O)O[C@H](CC)CC(=O)O[C@H](CC)CC(=O)O[C@H](CC)CC(=O)O[C@H](CC)CC(=O)O[C@H](CC)CC(=O)O[C@H](CC)CC(=O)O[C@H](CC)CC(=O)O,ester
COC(=O)[C@@H](O)CC(=O)O.COC(=O)[C@H](O)CC(=O)O,0.08,poly(methyl 4-oxo-2-oxetanecarboxylate),,212.0,C,C,"('COC(=O)[C@@H](O)CC(=O)O', 'COC(=O)[C@H](O)CC(=O)O')",[],1,COC(=O)[C@H](CC(=O)O[C@H](CC(=O)O[C@@H](CC(=O)O[C@H](CC(=O)O[C@@H](CC(=O)O[C@H](CC(=O)O[C@@H](CC(=O)O[C@H](CC(=O)O[C@H](CC(=O)O)C(=O)OC)C(=O)OC)C(=O)OC)C(=O)OC)C(=O)OC)C(=O)OC)C(=O)OC)C(=O)OC)OC(=O)C[C@@H](O)C(=O)OC,ester
COC(=O)[C@@H](O)CC(=O)O.COC(=O)[C@H](O)CC(=O)O,0.19,poly(methyl 4-oxo-2-oxetanecarboxylate),39.0,173.0,C,C,"('COC(=O)[C@@H](O)CC(=O)O', 'COC(=O)[C@H](O)CC(=O)O')",[],1,COC(=O)[C@H](CC(=O)O)OC(=O)C[C@@H](OC(=O)C[C@H](OC(=O)C[C@@H](OC(=O)C[C@H](OC(=O)C[C@@H](OC(=O)C[C@@H](OC(=O)C[C@H](OC(=O)C[C@H](OC(=O)C[C@@H](O)C(=O)OC)C(=O)OC)C(=O)OC)C(=O)OC)C(=O)OC)C(=O)OC)C(=O)OC)C(=O)OC)C(=O)OC,ester
C[C@@H](O)C(=O)O.C[C@H](O)C(=O)O,0.87,poly(lactic acid),,168.0,C,C,"('C[C@@H](O)C(=O)O', 'C[C@H](O)C(=O)O')",[],1,C[C@H](O)C(=O)O[C@@H](C)C(=O)O[C@@H](C)C(=O)O[C@@H](C)C(=O)O[C@@H](C)C(=O)O[C@@H](C)C(=O)O[C@@H](C)C(=O)O[C@H](C)C(=O)O[C@H](C)C(=O)O[C@H](C)C(=O)O,ester
C[C@@H](O)C(=O)O.C[C@H](O)C(=O)O,0.88,poly(lactic acid),,178.33333333333334,C,C,"('C[C@@H](O)C(=O)O', 'C[C@H](O)C(=O)O')",[],1,C[C@H](OC(=O)[C@H](C)OC(=O)[C@H](C)OC(=O)[C@H](C)OC(=O)[C@@H](C)OC(=O)[C@@H](C)OC(=O)[C@@H](C)OC(=O)[C@@H](C)OC(=O)[C@@H](C)OC(=O)[C@@H](C)O)C(=O)O,ester
C[C@@H](O)C(=O)O.C[C@H](O)C(=O)O,0.9,poly(lactic acid),,190.66666666666663,C,C,"('C[C@@H](O)C(=O)O', 'C[C@H](O)C(=O)O')",[],1,C[C@H](O)C(=O)O[C@@H](C)C(=O)O[C@@H](C)C(=O)O[C@@H](C)C(=O)O[C@@H](C)C(=O)O[C@@H](C)C(=O)O[C@@H](C)C(=O)O[C@@H](C)C(=O)O[C@@H](C)C(=O)O[C@@H](C)C(=O)O,ester
O=C(O)C[C@@H](O)C(=O)OCc1ccccc1.O=C(O)C[C@H](O)C(=O)OCc1ccccc1,0.05,poly(Benzyl 4-oxo-2-oxetanecarboxylate),,114.0,C,C,"('O=C(O)C[C@@H](O)C(=O)OCc1ccccc1', 'O=C(O)C[C@H](O)C(=O)OCc1ccccc1')",[],1,O=C(O)C[C@@H](OC(=O)C[C@H](OC(=O)C[C@H](OC(=O)C[C@@H](OC(=O)C[C@H](OC(=O)C[C@@H](OC(=O)C[C@H](OC(=O)C[C@@H](OC(=O)C[C@H](OC(=O)C[C@@H](O)C(=O)OCc1ccccc1)C(=O)OCc1ccccc1)C(=O)OCc1ccccc1)C(=O)OCc1ccccc1)C(=O)OCc1ccccc1)C(=O)OCc1ccccc1)C(=O)OCc1ccccc1)C(=O)OCc1ccccc1)C(=O)OCc1ccccc1)C(=O)OCc1ccccc1,ester
O=C(O)C[C@@H](O)C(=O)OCc1ccccc1.O=C(O)C[C@H](O)C(=O)OCc1ccccc1,0.08,poly(Benzyl 4-oxo-2-oxetanecarboxylate),,104.0,C,C,"('O=C(O)C[C@@H](O)C(=O)OCc1ccccc1', 'O=C(O)C[C@H](O)C(=O)OCc1ccccc1')",[],1,O=C(O)C[C@@H](OC(=O)C[C@H](OC(=O)C[C@@H](OC(=O)C[C@H](OC(=O)C[C@@H](OC(=O)C[C@H](OC(=O)C[C@@H](OC(=O)C[C@H](OC(=O)C[C@@H](OC(=O)C[C@@H](O)C(=O)OCc1ccccc1)C(=O)OCc1ccccc1)C(=O)OCc1ccccc1)C(=O)OCc1ccccc1)C(=O)OCc1ccccc1)C(=O)OCc1ccccc1)C(=O)OCc1ccccc1)C(=O)OCc1ccccc1)C(=O)OCc1ccccc1)C(=O)OCc1ccccc1,ester
O=C(O)C[C@@H](O)C(=O)OCc1ccccc1.O=C(O)C[C@H](O)C(=O)OCc1ccccc1,0.09,poly(Benzyl 4-oxo-2-oxetanecarboxylate),,100.0,C,C,"('O=C(O)C[C@@H](O)C(=O)OCc1ccccc1', 'O=C(O)C[C@H](O)C(=O)OCc1ccccc1')",[],1,O=C(O)C[C@@H](OC(=O)C[C@H](OC(=O)C[C@@H](OC(=O)C[C@H](OC(=O)C[C@@H](OC(=O)C[C@H](OC(=O)C[C@H](OC(=O)C[C@@H](OC(=O)C[C@H](OC(=O)C[C@@H](O)C(=O)OCc1ccccc1)C(=O)OCc1ccccc1)C(=O)OCc1ccccc1)C(=O)OCc1ccccc1)C(=O)OCc1ccccc1)C(=O)OCc1ccccc1)C(=O)OCc1ccccc1)C(=O)OCc1ccccc1)C(=O)OCc1ccccc1)C(=O)OCc1ccccc1,ester
O=C(O)C[C@@H](O)C(=O)OCc1ccccc1.O=C(O)C[C@H](O)C(=O)OCc1ccccc1,0.15,poly(Benzyl 4-oxo-2-oxetanecarboxylate),,86.5,C,C,"('O=C(O)C[C@@H](O)C(=O)OCc1ccccc1', 'O=C(O)C[C@H](O)C(=O)OCc1ccccc1')",[],1,O=C(O)C[C@@H](OC(=O)C[C@@H](OC(=O)C[C@H](OC(=O)C[C@@H](OC(=O)C[C@H](OC(=O)C[C@@H](OC(=O)C[C@H](OC(=O)C[C@@H](OC(=O)C[C@@H](OC(=O)C[C@H](O)C(=O)OCc1ccccc1)C(=O)OCc1ccccc1)C(=O)OCc1ccccc1)C(=O)OCc1ccccc1)C(=O)OCc1ccccc1)C(=O)OCc1ccccc1)C(=O)OCc1ccccc1)C(=O)OCc1ccccc1)C(=O)OCc1ccccc1)C(=O)OCc1ccccc1,ester
O=C(O)C[C@@H](O)C(=O)OCc1ccccc1.O=C(O)C[C@H](O)C(=O)OCc1ccccc1,0.19,poly(Benzyl 4-oxo-2-oxetanecarboxylate),,79.0,C,C,"('O=C(O)C[C@@H](O)C(=O)OCc1ccccc1', 'O=C(O)C[C@H](O)C(=O)OCc1ccccc1')",[],1,O=C(O)C[C@H](OC(=O)C[C@@H](OC(=O)C[C@@H](OC(=O)C[C@@H](OC(=O)C[C@H](OC(=O)C[C@@H](OC(=O)C[C@H](OC(=O)C[C@@H](OC(=O)C[C@H](OC(=O)C[C@@H](O)C(=O)OCc1ccccc1)C(=O)OCc1ccccc1)C(=O)OCc1ccccc1)C(=O)OCc1ccccc1)C(=O)OCc1ccccc1)C(=O)OCc1ccccc1)C(=O)OCc1ccccc1)C(=O)OCc1ccccc1)C(=O)OCc1ccccc1)C(=O)OCc1ccccc1,ester
O=C(O)C[C@@H](O)C(=O)OCc1ccccc1.O=C(O)C[C@H](O)C(=O)OCc1ccccc1,0.2,poly(Benzyl 4-oxo-2-oxetanecarboxylate),,73.0,C,C,"('O=C(O)C[C@@H](O)C(=O)OCc1ccccc1', 'O=C(O)C[C@H](O)C(=O)OCc1ccccc1')",[],1,O=C(O)C[C@H](OC(=O)C[C@H](OC(=O)C[C@@H](OC(=O)C[C@H](OC(=O)C[C@@H](OC(=O)C[C@H](OC(=O)C[C@H](OC(=O)C[C@@H](OC(=O)C[C@H](OC(=O)C[C@@H](O)C(=O)OCc1ccccc1)C(=O)OCc1ccccc1)C(=O)OCc1ccccc1)C(=O)OCc1ccccc1)C(=O)OCc1ccccc1)C(=O)OCc1ccccc1)C(=O)OCc1ccccc1)C(=O)OCc1ccccc1)C(=O)OCc1ccccc1)C(=O)OCc1ccccc1,ester
O=C(O)C[C@@H](O)C(=O)OCc1ccccc1.O=C(O)C[C@H](O)C(=O)OCc1ccccc1,0.21,poly(Benzyl 4-oxo-2-oxetanecarboxylate),,71.0,C,C,"('O=C(O)C[C@@H](O)C(=O)OCc1ccccc1', 'O=C(O)C[C@H](O)C(=O)OCc1ccccc1')",[],1,O=C(O)C[C@H](OC(=O)C[C@@H](OC(=O)C[C@H](OC(=O)C[C@@H](OC(=O)C[C@H](OC(=O)C[C@@H](OC(=O)C[C@@H](OC(=O)C[C@@H](OC(=O)C[C@H](OC(=O)C[C@@H](O)C(=O)OCc1ccccc1)C(=O)OCc1ccccc1)C(=O)OCc1ccccc1)C(=O)OCc1ccccc1)C(=O)OCc1ccccc1)C(=O)OCc1ccccc1)C(=O)OCc1ccccc1)C(=O)OCc1ccccc1)C(=O)OCc1ccccc1)C(=O)OCc1ccccc1,ester
O=C(O)C[C@@H](O)CCOCc1ccccc1.O=C(O)C[C@H](O)CCOCc1ccccc1,0.14,poly(3-hydroxy-5-phenylmethoxypentanoic acid),-13.0,,C,C,"('O=C(O)C[C@@H](O)CCOCc1ccccc1', 'O=C(O)C[C@H](O)CCOCc1ccccc1')",[],1,O=C(O)C[C@@H](CCOCc1ccccc1)OC(=O)C[C@H](CCOCc1ccccc1)OC(=O)C[C@@H](CCOCc1ccccc1)OC(=O)C[C@H](CCOCc1ccccc1)OC(=O)C[C@@H](CCOCc1ccccc1)OC(=O)C[C@@H](CCOCc1ccccc1)OC(=O)C[C@@H](CCOCc1ccccc1)OC(=O)C[C@H](CCOCc1ccccc1)OC(=O)C[C@@H](CCOCc1ccccc1)OC(=O)C[C@@H](O)CCOCc1ccccc1,ester
O=C(O)C[C@@H](O)CCOCc1ccccc1.O=C(O)C[C@H](O)CCOCc1ccccc1,0.15,poly(3-hydroxy-5-phenylmethoxypentanoic acid),-10.0,,C,C,"('O=C(O)C[C@@H](O)CCOCc1ccccc1', 'O=C(O)C[C@H](O)CCOCc1ccccc1')",[],1,O=C(O)C[C@@H](CCOCc1ccccc1)OC(=O)C[C@H](CCOCc1ccccc1)OC(=O)C[C@@H](CCOCc1ccccc1)OC(=O)C[C@H](CCOCc1ccccc1)OC(=O)C[C@@H](CCOCc1ccccc1)OC(=O)C[C@H](CCOCc1ccccc1)OC(=O)C[C@H](CCOCc1ccccc1)OC(=O)C[C@@H](CCOCc1ccccc1)OC(=O)C[C@H](CCOCc1ccccc1)OC(=O)C[C@@H](O)CCOCc1ccccc1,ester
O=C(O)C[C@@H](O)CCOCc1ccccc1.O=C(O)C[C@H](O)CCOCc1ccccc1,0.2,poly(3-hydroxy-5-phenylmethoxypentanoic acid),-13.0,,C,C,"('O=C(O)C[C@@H](O)CCOCc1ccccc1', 'O=C(O)C[C@H](O)CCOCc1ccccc1')",[],1,O=C(O)C[C@@H](CCOCc1ccccc1)OC(=O)C[C@H](CCOCc1ccccc1)OC(=O)C[C@@H](CCOCc1ccccc1)OC(=O)C[C@H](CCOCc1ccccc1)OC(=O)C[C@H](CCOCc1ccccc1)OC(=O)C[C@H](CCOCc1ccccc1)OC(=O)C[C@@H](CCOCc1ccccc1)OC(=O)C[C@H](CCOCc1ccccc1)OC(=O)C[C@@H](CCOCc1ccccc1)OC(=O)C[C@@H](O)CCOCc1ccccc1,ester
O=C(O)C[C@@H](O)CCOCc1ccccc1.O=C(O)C[C@H](O)CCOCc1ccccc1,0.23,poly(3-hydroxy-5-phenylmethoxypentanoic acid),-12.0,,C,C,"('O=C(O)C[C@@H](O)CCOCc1ccccc1', 'O=C(O)C[C@H](O)CCOCc1ccccc1')",[],1,O=C(O)C[C@H](CCOCc1ccccc1)OC(=O)C[C@@H](CCOCc1ccccc1)OC(=O)C[C@@H](CCOCc1ccccc1)OC(=O)C[C@H](CCOCc1ccccc1)OC(=O)C[C@@H](CCOCc1ccccc1)OC(=O)C[C@@H](CCOCc1ccccc1)OC(=O)C[C@H](CCOCc1ccccc1)OC(=O)C[C@@H](CCOCc1ccccc1)OC(=O)C[C@H](CCOCc1ccccc1)OC(=O)C[C@@H](O)CCOCc1ccccc1,ester
O=C(O)C[C@@H](O)CCOCc1ccccc1.O=C(O)C[C@H](O)CCOCc1ccccc1,0.51,poly(3-hydroxy-5-phenylmethoxypentanoic acid),-13.5,,C,C,"('O=C(O)C[C@@H](O)CCOCc1ccccc1', 'O=C(O)C[C@H](O)CCOCc1ccccc1')",[],1,O=C(O)C[C@@H](CCOCc1ccccc1)OC(=O)C[C@@H](CCOCc1ccccc1)OC(=O)C[C@H](CCOCc1ccccc1)OC(=O)C[C@H](CCOCc1ccccc1)OC(=O)C[C@@H](CCOCc1ccccc1)OC(=O)C[C@H](CCOCc1ccccc1)OC(=O)C[C@H](CCOCc1ccccc1)OC(=O)C[C@H](CCOCc1ccccc1)OC(=O)C[C@H](CCOCc1ccccc1)OC(=O)C[C@H](O)CCOCc1ccccc1,ester
O=C(O)C[C@@H](O)CCOCc1ccccc1.O=C(O)C[C@H](O)CCOCc1ccccc1,1.0,poly(3-hydroxy-5-phenylmethoxypentanoic acid),-14.0,,C,C,"('O=C(O)C[C@@H](O)CCOCc1ccccc1', 'O=C(O)C[C@H](O)CCOCc1ccccc1')",[],1,O=C(O)C[C@@H](CCOCc1ccccc1)OC(=O)C[C@@H](CCOCc1ccccc1)OC(=O)C[C@@H](CCOCc1ccccc1)OC(=O)C[C@@H](CCOCc1ccccc1)OC(=O)C[C@@H](CCOCc1ccccc1)OC(=O)C[C@@H](CCOCc1ccccc1)OC(=O)C[C@@H](CCOCc1ccccc1)OC(=O)C[C@@H](CCOCc1ccccc1)OC(=O)C[C@@H](CCOCc1ccccc1)OC(=O)C[C@H](O)CCOCc1ccccc1,ester
O=C(O)C[C@@H](O)COc1ccccc1.O=C(O)C[C@H](O)COc1ccccc1,0.13,poly(3-Hydroxy-4-phenoxybutanoic acid),38.0,,C,C,"('O=C(O)C[C@@H](O)COc1ccccc1', 'O=C(O)C[C@H](O)COc1ccccc1')",[],1,O=C(O)C[C@@H](COc1ccccc1)OC(=O)C[C@H](COc1ccccc1)OC(=O)C[C@@H](COc1ccccc1)OC(=O)C[C@H](COc1ccccc1)OC(=O)C[C@@H](COc1ccccc1)OC(=O)C[C@H](COc1ccccc1)OC(=O)C[C@H](COc1ccccc1)OC(=O)C[C@@H](COc1ccccc1)OC(=O)C[C@H](COc1ccccc1)OC(=O)C[C@@H](O)COc1ccccc1,ester
O=C(O)C[C@@H](O)COc1ccccc1.O=C(O)C[C@H](O)COc1ccccc1,0.14,poly(3-Hydroxy-4-phenoxybutanoic acid),38.0,,C,C,"('O=C(O)C[C@@H](O)COc1ccccc1', 'O=C(O)C[C@H](O)COc1ccccc1')",[],1,O=C(O)C[C@@H](COc1ccccc1)OC(=O)C[C@@H](COc1ccccc1)OC(=O)C[C@H](COc1ccccc1)OC(=O)C[C@H](COc1ccccc1)OC(=O)C[C@@H](COc1ccccc1)OC(=O)C[C@H](COc1ccccc1)OC(=O)C[C@@H](COc1ccccc1)OC(=O)C[C@H](COc1ccccc1)OC(=O)C[C@@H](COc1ccccc1)OC(=O)C[C@@H](O)COc1ccccc1,ester
O=C(C[C@@H](O)C(=O)O)OCc1ccccc1.O=C(C[C@H](O)C(=O)O)OCc1ccccc1,1.0,poly(alpha-Benzylmalic acid),4.0,,C,C,"('O=C(C[C@@H](O)C(=O)O)OCc1ccccc1', 'O=C(C[C@H](O)C(=O)O)OCc1ccccc1')",[],1,O=C(C[C@@H](O)C(=O)O[C@H](CC(=O)OCc1ccccc1)C(=O)O[C@H](CC(=O)OCc1ccccc1)C(=O)O[C@H](CC(=O)OCc1ccccc1)C(=O)O[C@H](CC(=O)OCc1ccccc1)C(=O)O[C@H](CC(=O)OCc1ccccc1)C(=O)O[C@H](CC(=O)OCc1ccccc1)C(=O)O[C@H](CC(=O)OCc1ccccc1)C(=O)O[C@H](CC(=O)OCc1ccccc1)C(=O)O[C@H](CC(=O)OCc1ccccc1)C(=O)O)OCc1ccccc1,ester
C[C@@H](O)CC(=O)O.C[C@H](O)CC(=O)O,0.99,poly(SS-3-hydroxybutyrate),,173.0,C,C,"('C[C@@H](O)CC(=O)O', 'C[C@H](O)CC(=O)O')",[],1,C[C@H](O)CC(=O)O[C@@H](C)CC(=O)O[C@@H](C)CC(=O)O[C@@H](C)CC(=O)O[C@@H](C)CC(=O)O[C@@H](C)CC(=O)O[C@@H](C)CC(=O)O[C@@H](C)CC(=O)O[C@@H](C)CC(=O)O[C@@H](C)CC(=O)O,ester
C[C@@H](O)CC(=O)O.C[C@H](O)CC(=O)O,0.99,poly(RS-3-hydroxybutyrate),,167.0,C,C,"('C[C@@H](O)CC(=O)O', 'C[C@H](O)CC(=O)O')",[],1,C[C@H](O)CC(=O)O[C@@H](C)CC(=O)O[C@@H](C)CC(=O)O[C@@H](C)CC(=O)O[C@@H](C)CC(=O)O[C@@H](C)CC(=O)O[C@@H](C)CC(=O)O[C@@H](C)CC(=O)O[C@@H](C)CC(=O)O[C@@H](C)CC(=O)O,ester
C[C@@H](O)CC(=O)O.C[C@H](O)CC(=O)O,0.99,poly(RR-3-hydroxybutyrate),,173.0,C,C,"('C[C@@H](O)CC(=O)O', 'C[C@H](O)CC(=O)O')",[],1,C[C@H](O)CC(=O)O[C@@H](C)CC(=O)O[C@@H](C)CC(=O)O[C@@H](C)CC(=O)O[C@@H](C)CC(=O)O[C@@H](C)CC(=O)O[C@@H](C)CC(=O)O[C@@H](C)CC(=O)O[C@@H](C)CC(=O)O[C@@H](C)CC(=O)O,ester
C[C@@H](O)C(=O)O.C[C@H](O)C(=O)O,0.91,poly(lactic acid),,188.0,C,C,"('C[C@@H](O)C(=O)O', 'C[C@H](O)C(=O)O')",[],1,C[C@H](O)C(=O)O[C@@H](C)C(=O)O[C@@H](C)C(=O)O[C@@H](C)C(=O)O[C@@H](C)C(=O)O[C@@H](C)C(=O)O[C@@H](C)C(=O)O[C@@H](C)C(=O)O[C@@H](C)C(=O)O[C@@H](C)C(=O)O,ester
C[C@@H](O)C(=O)O.C[C@H](O)C(=O)O,0.92,poly(lactic acid),,191.28571428571428,C,C,"('C[C@@H](O)C(=O)O', 'C[C@H](O)C(=O)O')",[],1,C[C@@H](O)C(=O)O[C@H](C)C(=O)O[C@H](C)C(=O)O[C@H](C)C(=O)O[C@H](C)C(=O)O[C@H](C)C(=O)O[C@H](C)C(=O)O[C@H](C)C(=O)O[C@H](C)C(=O)O[C@H](C)C(=O)O,ester
C[C@@H](O)C(=O)O.C[C@H](O)C(=O)O,0.93,poly(lactic acid),,185.0,C,C,"('C[C@@H](O)C(=O)O', 'C[C@H](O)C(=O)O')",[],1,C[C@@H](O)C(=O)O[C@H](C)C(=O)O[C@H](C)C(=O)O[C@H](C)C(=O)O[C@H](C)C(=O)O[C@H](C)C(=O)O[C@H](C)C(=O)O[C@H](C)C(=O)O[C@H](C)C(=O)O[C@H](C)C(=O)O,ester
C[C@@H](O)C(=O)O.C[C@H](O)C(=O)O,0.95,poly(lactic acid),,200.0,C,C,"('C[C@@H](O)C(=O)O', 'C[C@H](O)C(=O)O')",[],1,C[C@@H](O)C(=O)O[C@H](C)C(=O)O[C@H](C)C(=O)O[C@H](C)C(=O)O[C@H](C)C(=O)O[C@H](C)C(=O)O[C@H](C)C(=O)O[C@H](C)C(=O)O[C@H](C)C(=O)O[C@H](C)C(=O)O,ester
C[C@@H](O)C(=O)O.C[C@H](O)C(=O)O,0.97,poly(lactic acid),,207.33333333333331,C,C,"('C[C@@H](O)C(=O)O', 'C[C@H](O)C(=O)O')",[],1,C[C@H](O)C(=O)O[C@@H](C)C(=O)O[C@@H](C)C(=O)O[C@@H](C)C(=O)O[C@@H](C)C(=O)O[C@@H](C)C(=O)O[C@@H](C)C(=O)O[C@@H](C)C(=O)O[C@@H](C)C(=O)O[C@@H](C)C(=O)O,ester
C[C@@H](O)C(=O)O.C[C@H](O)C(=O)O,0.98,poly(lactic acid),,208.0,C,C,"('C[C@@H](O)C(=O)O', 'C[C@H](O)C(=O)O')",[],1,C[C@H](O)C(=O)O[C@@H](C)C(=O)O[C@@H](C)C(=O)O[C@@H](C)C(=O)O[C@@H](C)C(=O)O[C@@H](C)C(=O)O[C@@H](C)C(=O)O[C@@H](C)C(=O)O[C@@H](C)C(=O)O[C@@H](C)C(=O)O,ester
C[C@@H](O)C(=O)O.C[C@H](O)C(=O)O,1.0,poly(lactic acid),58.333333333333336,174.6,C,C,"('C[C@@H](O)C(=O)O', 'C[C@H](O)C(=O)O')",[],1,C[C@H](O)C(=O)O[C@@H](C)C(=O)O[C@@H](C)C(=O)O[C@@H](C)C(=O)O[C@@H](C)C(=O)O[C@@H](C)C(=O)O[C@@H](C)C(=O)O[C@@H](C)C(=O)O[C@@H](C)C(=O)O[C@@H](C)C(=O)O,ester
O=C(O)C[C@@H](O)COc1ccccc1.O=C(O)C[C@H](O)COc1ccccc1,0.17,poly(3-Hydroxy-4-phenoxybutanoic acid),40.0,,C,C,"('O=C(O)C[C@@H](O)COc1ccccc1', 'O=C(O)C[C@H](O)COc1ccccc1')",[],1,O=C(O)C[C@H](COc1ccccc1)OC(=O)C[C@@H](COc1ccccc1)OC(=O)C[C@@H](COc1ccccc1)OC(=O)C[C@H](COc1ccccc1)OC(=O)C[C@@H](COc1ccccc1)OC(=O)C[C@H](COc1ccccc1)OC(=O)C[C@H](COc1ccccc1)OC(=O)C[C@@H](COc1ccccc1)OC(=O)C[C@H](COc1ccccc1)OC(=O)C[C@H](O)COc1ccccc1,ester
C[C@@H](O)CC(=O)O.C[C@H](O)CC(=O)O,0.7,poly(RS-3-hydroxybutyrate),-10.0,,C,C,"('C[C@@H](O)CC(=O)O', 'C[C@H](O)CC(=O)O')",[],1,C[C@H](O)CC(=O)O[C@@H](C)CC(=O)O[C@@H](C)CC(=O)O[C@H](C)CC(=O)O[C@H](C)CC(=O)O[C@H](C)CC(=O)O[C@H](C)CC(=O)O[C@@H](C)CC(=O)O[C@@H](C)CC(=O)O[C@@H](C)CC(=O)O,ester
C[C@@H](O)CC(=O)O.C[C@H](O)CC(=O)O,0.88,poly(RS-3-hydroxybutyrate),3.0,121.0,C,C,"('C[C@@H](O)CC(=O)O', 'C[C@H](O)CC(=O)O')",[],1,C[C@H](O)CC(=O)O[C@H](C)CC(=O)O[C@H](C)CC(=O)O[C@H](C)CC(=O)O[C@H](C)CC(=O)O[C@H](C)CC(=O)O[C@H](C)CC(=O)O[C@H](C)CC(=O)O[C@H](C)CC(=O)O[C@H](C)CC(=O)O,ester
C[C@@H](O)CC(=O)O.C[C@H](O)CC(=O)O,0.89,poly(RS-3-hydroxybutyrate),3.0,122.0,C,C,"('C[C@@H](O)CC(=O)O', 'C[C@H](O)CC(=O)O')",[],1,C[C@H](O)CC(=O)O[C@@H](C)CC(=O)O[C@@H](C)CC(=O)O[C@@H](C)CC(=O)O[C@@H](C)CC(=O)O[C@@H](C)CC(=O)O[C@@H](C)CC(=O)O[C@@H](C)CC(=O)O[C@@H](C)CC(=O)O[C@@H](C)CC(=O)O,ester
C[C@@H](O)CC(=O)O.C[C@H](O)CC(=O)O,0.91,poly(RS-3-hydroxybutyrate),-1.0,128.0,C,C,"('C[C@@H](O)CC(=O)O', 'C[C@H](O)CC(=O)O')",[],1,C[C@@H](O)CC(=O)O[C@H](C)CC(=O)O[C@H](C)CC(=O)O[C@H](C)CC(=O)O[C@H](C)CC(=O)O[C@H](C)CC(=O)O[C@H](C)CC(=O)O[C@H](C)CC(=O)O[C@H](C)CC(=O)O[C@H](C)CC(=O)O,ester
C[C@@H](O)CC(=O)O.C[C@H](O)CC(=O)O,0.93,poly(RS-3-hydroxybutyrate),2.6666666666666665,139.5,C,C,"('C[C@@H](O)CC(=O)O', 'C[C@H](O)CC(=O)O')",[],1,C[C@@H](O)CC(=O)O[C@H](C)CC(=O)O[C@H](C)CC(=O)O[C@H](C)CC(=O)O[C@H](C)CC(=O)O[C@H](C)CC(=O)O[C@H](C)CC(=O)O[C@H](C)CC(=O)O[C@H](C)CC(=O)O[C@H](C)CC(=O)O,ester
C[C@@H](O)CC(=O)O.C[C@H](O)CC(=O)O,0.94,poly(RS-3-hydroxybutyrate),4.0,136.0,C,C,"('C[C@@H](O)CC(=O)O', 'C[C@H](O)CC(=O)O')",[],1,C[C@H](O)CC(=O)O[C@@H](C)CC(=O)O[C@@H](C)CC(=O)O[C@@H](C)CC(=O)O[C@@H](C)CC(=O)O[C@@H](C)CC(=O)O[C@@H](C)CC(=O)O[C@@H](C)CC(=O)O[C@@H](C)CC(=O)O[C@@H](C)CC(=O)O,ester
C[C@@H](O)CC(=O)O.C[C@H](O)CC(=O)O,0.95,poly(RS-3-hydroxybutyrate),4.0,147.0,C,C,"('C[C@@H](O)CC(=O)O', 'C[C@H](O)CC(=O)O')",[],1,C[C@H](O)CC(=O)O[C@@H](C)CC(=O)O[C@@H](C)CC(=O)O[C@@H](C)CC(=O)O[C@@H](C)CC(=O)O[C@@H](C)CC(=O)O[C@@H](C)CC(=O)O[C@@H](C)CC(=O)O[C@@H](C)CC(=O)O[C@@H](C)CC(=O)O,ester
C[C@@H](O)CC(=O)O.C[C@H](O)CC(=O)O,0.96,poly(RS-3-hydroxybutyrate),6.0,154.5,C,C,"('C[C@@H](O)CC(=O)O', 'C[C@H](O)CC(=O)O')",[],1,C[C@@H](O)CC(=O)O[C@H](C)CC(=O)O[C@H](C)CC(=O)O[C@H](C)CC(=O)O[C@H](C)CC(=O)O[C@H](C)CC(=O)O[C@H](C)CC(=O)O[C@H](C)CC(=O)O[C@H](C)CC(=O)O[C@H](C)CC(=O)O,ester
C[C@@H](O)CC(=O)O.C[C@H](O)CC(=O)O,0.74,poly(RS-3-hydroxybutyrate),-15.0,,C,C,"('C[C@@H](O)CC(=O)O', 'C[C@H](O)CC(=O)O')",[],1,C[C@@H](CC(=O)O[C@@H](C)CC(=O)O[C@H](C)CC(=O)O[C@H](C)CC(=O)O[C@H](C)CC(=O)O[C@H](C)CC(=O)O[C@H](C)CC(=O)O[C@H](C)CC(=O)O)OC(=O)C[C@H](C)OC(=O)C[C@@H](C)O,ester
